Dist Code,Year,State Code,State Name,Dist Name,Soil Type Orthids,Soil Type Sandy Alfisol,Soil Type Loamy Alfisols,Soil Type Vertisols,Soil Type Vertic soils
44,Not Applicable,1,Andhra Pradesh,Srikakulam,1,0,0,0,0
45,Not Applicable,1,Andhra Pradesh,Visakhapatnam,0.5,0.5,0,0,0
46,Not Applicable,1,Andhra Pradesh,East Godavari,0.65,0.35,0,0,0
47,Not Applicable,1,Andhra Pradesh,West Godavari,0.5,0.5,0,0,0
48,Not Applicable,1,Andhra Pradesh,Krishna,0.5,0,0.5,0,0
49,Not Applicable,1,Andhra Pradesh,Guntur,0.4,0.3,0,0.3,0
50,Not Applicable,1,Andhra Pradesh,S.P.S. Nellore,0.6,0.4,0,0,0
51,Not Applicable,1,Andhra Pradesh,Kurnool,0,0.6,0,0,0.4
52,Not Applicable,1,Andhra Pradesh,Ananthapur,0,1,0,0,0
53,Not Applicable,1,Andhra Pradesh,Kadapa YSR,0,1,0,0,0
54,Not Applicable,1,Andhra Pradesh,Chittoor,0.2,0.8,0,0,0
503,Not Applicable,1,Andhra Pradesh,Vizianagaram,0.5,0.5,0,0,0
504,Not Applicable,1,Andhra Pradesh,Prakasam,0.3,0,0,0,0.7