"Dist Code","Year","State Code","State Name","Dist Name","LENGTH OF GROWING PERIOD DAYS (Number)"
"44","Not Applicable","1","Andhra Pradesh","Srikakulam","185"
"45","Not Applicable","1","Andhra Pradesh","Visakhapatnam","171"
"46","Not Applicable","1","Andhra Pradesh","East Godavari","229"
"47","Not Applicable","1","Andhra Pradesh","West Godavari","210"
"48","Not Applicable","1","Andhra Pradesh","Krishna","185"
"49","Not Applicable","1","Andhra Pradesh","Guntur","164"
"50","Not Applicable","1","Andhra Pradesh","S.P.S.Nellore","134"
"51","Not Applicable","1","Andhra Pradesh","Kurnool","148"
"52","Not Applicable","1","Andhra Pradesh","Anantapur","120"
"53","Not Applicable","1","Andhra Pradesh","Kadapa YSR","165"
"54","Not Applicable","1","Andhra Pradesh","Chittoor","164"
"503","Not Applicable","1","Andhra Pradesh","Vizianagaram","190"
"504","Not Applicable","1","Andhra Pradesh","Prakasam","185"