"Dist Code","Year","State Code","State Name","Dist Name","DISTRICT MALE FIELD LABOUR (Rs per Day)","DISTRICT FEMALE FIELD LABOUR (Rs per Day)","STATE MALE AVERAGE FIELD LABOUR (Rs per Day)","STATE FEMALE AVERAGE FIELD LABOUR (Rs per Day)"
"504","1990","1","Andhra Pradesh","Prakasam","25.0","-1.0","18.4","-1.0"
"504","1991","1","Andhra Pradesh","Prakasam","25.0","-1.0","21.1","-1.0"
"504","1992","1","Andhra Pradesh","Prakasam","29.6","-1.0","-1.0","-1.0"
"504","1993","1","Andhra Pradesh","Prakasam","-1.0","-1.0","-1.0","-1.0"
"504","1994","1","Andhra Pradesh","Prakasam","-1.0","-1.0","-1.0","-1.0"
"504","1995","1","Andhra Pradesh","Prakasam","-1.0","-1.0","-1.0","-1.0"
"504","1996","1","Andhra Pradesh","Prakasam","-1.0","-1.0","-1.0","-1.0"
"504","1997","1","Andhra Pradesh","Prakasam","-1.0","-1.0","-1.0","-1.0"
"504","1998","1","Andhra Pradesh","Prakasam","51.43","48.57","42.15","48.57"
"504","1999","1","Andhra Pradesh","Prakasam","47.09","39.03","44.33","39.03"
"504","2000","1","Andhra Pradesh","Prakasam","45.98","33.17","45.93","33.17"
"504","2001","1","Andhra Pradesh","Prakasam","49.3","40.56","48.77","40.56"
"504","2002","1","Andhra Pradesh","Prakasam","49.72","42.78","49.14","42.78"
"504","2003","1","Andhra Pradesh","Prakasam","54.44","46.25","52.41","46.25"
"504","2004","1","Andhra Pradesh","Prakasam","54.86","48.82","55.75","48.82"
"504","2005","1","Andhra Pradesh","Prakasam","61.25","41.13","59.35","41.13"
"504","2006","1","Andhra Pradesh","Prakasam","67.14","49.86","66.79","49.86"
"504","2007","1","Andhra Pradesh","Prakasam","67.14","49.86","66.79","49.86"
"504","2008","1","Andhra Pradesh","Prakasam","107.73","84.55","99.21","84.55"
"504","2009","1","Andhra Pradesh","Prakasam","124.17","106.39","119.64","106.39"
"504","2012","1","Andhra Pradesh","Prakasam","267.77","173.27","227.14","173.27"
"504","2013","1","Andhra Pradesh","Prakasam","275.93","220.31","245.42","220.31"
"504","2014","1","Andhra Pradesh","Prakasam","290.0","180.0","277.0","180.0"
"504","2015","1","Andhra Pradesh","Prakasam","250.0","160.0","295.35","160.0"
"504","2016","1","Andhra Pradesh","Prakasam","255.14","178.4","321.0","178.4"
"504","2017","1","Andhra Pradesh","Prakasam","266.67","215.18","331.0","215.18"
"503","1990","1","Andhra Pradesh","Vizianagaram","15.0","-1.0","18.4","-1.0"
"503","1991","1","Andhra Pradesh","Vizianagaram","15.0","-1.0","21.1","-1.0"
"503","1992","1","Andhra Pradesh","Vizianagaram","17.1","-1.0","-1.0","-1.0"
"503","1993","1","Andhra Pradesh","Vizianagaram","-1.0","-1.0","-1.0","-1.0"
"503","1994","1","Andhra Pradesh","Vizianagaram","-1.0","-1.0","-1.0","-1.0"
"503","1995","1","Andhra Pradesh","Vizianagaram","-1.0","-1.0","-1.0","-1.0"
"503","1996","1","Andhra Pradesh","Vizianagaram","-1.0","-1.0","-1.0","-1.0"
"503","1997","1","Andhra Pradesh","Vizianagaram","-1.0","-1.0","-1.0","-1.0"
"503","1998","1","Andhra Pradesh","Vizianagaram","31.43","21.43","42.15","21.43"
"503","1999","1","Andhra Pradesh","Vizianagaram","31.67","23.33","44.33","23.33"
"503","2000","1","Andhra Pradesh","Vizianagaram","46.08","33.04","45.93","33.04"
"503","2001","1","Andhra Pradesh","Vizianagaram","40.0","28.86","48.77","28.86"
"503","2002","1","Andhra Pradesh","Vizianagaram","41.67","29.42","49.14","29.42"
"503","2003","1","Andhra Pradesh","Vizianagaram","46.31","32.42","52.41","32.42"
"503","2004","1","Andhra Pradesh","Vizianagaram","49.78","32.0","55.75","32.0"
"503","2005","1","Andhra Pradesh","Vizianagaram","54.31","33.75","59.35","33.75"
"503","2006","1","Andhra Pradesh","Vizianagaram","53.61","33.33","66.79","33.33"
"503","2007","1","Andhra Pradesh","Vizianagaram","53.61","33.33","66.79","33.33"
"503","2008","1","Andhra Pradesh","Vizianagaram","101.39","81.81","99.21","81.81"
"503","2009","1","Andhra Pradesh","Vizianagaram","103.89","83.89","119.64","83.89"
"503","2012","1","Andhra Pradesh","Vizianagaram","179.79","137.18","227.14","137.18"
"503","2013","1","Andhra Pradesh","Vizianagaram","185.07","126.46","245.42","126.46"
"503","2014","1","Andhra Pradesh","Vizianagaram","208.61","136.19","277.0","136.19"
"503","2015","1","Andhra Pradesh","Vizianagaram","272.91","205.0","295.35","205.0"
"503","2016","1","Andhra Pradesh","Vizianagaram","296.4","201.38","321.0","201.38"
"503","2017","1","Andhra Pradesh","Vizianagaram","297.25","237.5","331.0","237.5"
"54","1990","1","Andhra Pradesh","Chittoor","11.9","8.0","19.6","8.0"
"54","1991","1","Andhra Pradesh","Chittoor","12.7","8.0","21.14","8.0"
"54","1992","1","Andhra Pradesh","Chittoor","17.7","13.0","24.5","13.0"
"54","1993","1","Andhra Pradesh","Chittoor","20.0","15.0","26.06","15.0"
"54","1994","1","Andhra Pradesh","Chittoor","30.0","25.0","29.89","25.0"
"54","1995","1","Andhra Pradesh","Chittoor","-1.0","-1.0","-1.0","-1.0"
"54","1996","1","Andhra Pradesh","Chittoor","-1.0","-1.0","-1.0","-1.0"
"54","1997","1","Andhra Pradesh","Chittoor","25.0","20.0","39.98","20.0"
"54","1998","1","Andhra Pradesh","Chittoor","29.38","26.88","42.15","26.88"
"54","1999","1","Andhra Pradesh","Chittoor","39.78","34.86","44.33","34.86"
"54","2000","1","Andhra Pradesh","Chittoor","45.87","33.25","45.93","33.25"
"54","2001","1","Andhra Pradesh","Chittoor","47.39","43.83","48.77","43.83"
"54","2002","1","Andhra Pradesh","Chittoor","49.25","45.42","49.14","45.42"
"54","2003","1","Andhra Pradesh","Chittoor","50.97","46.31","52.41","46.31"
"54","2004","1","Andhra Pradesh","Chittoor","49.83","45.75","55.75","45.75"
"54","2005","1","Andhra Pradesh","Chittoor","52.08","43.47","59.35","43.47"
"54","2006","1","Andhra Pradesh","Chittoor","56.94","46.39","66.79","46.39"
"54","2007","1","Andhra Pradesh","Chittoor","56.94","46.39","66.79","46.39"
"54","2008","1","Andhra Pradesh","Chittoor","92.78","76.11","99.21","76.11"
"54","2009","1","Andhra Pradesh","Chittoor","104.17","85.0","128.28","85.0"
"54","2012","1","Andhra Pradesh","Chittoor","204.58","150.0","227.14","150.0"
"54","2013","1","Andhra Pradesh","Chittoor","251.25","198.61","245.42","198.61"
"54","2014","1","Andhra Pradesh","Chittoor","235.23","189.39","277.0","189.39"
"54","2015","1","Andhra Pradesh","Chittoor","258.33","200.0","295.35","200.0"
"54","2016","1","Andhra Pradesh","Chittoor","304.55","239.09","321.0","239.09"
"54","2017","1","Andhra Pradesh","Chittoor","301.67","240.0","331.0","240.0"
"53","1990","1","Andhra Pradesh","Kadapa YSR","20.0","15.0","19.6","15.0"
"53","1991","1","Andhra Pradesh","Kadapa YSR","20.8","15.0","21.14","15.0"
"53","1992","1","Andhra Pradesh","Kadapa YSR","28.3","15.0","24.5","15.0"
"53","1993","1","Andhra Pradesh","Kadapa YSR","30.0","25.0","26.06","25.0"
"53","1994","1","Andhra Pradesh","Kadapa YSR","30.0","25.0","29.89","25.0"
"53","1995","1","Andhra Pradesh","Kadapa YSR","-1.0","-1.0","-1.0","-1.0"
"53","1996","1","Andhra Pradesh","Kadapa YSR","-1.0","-1.0","-1.0","-1.0"
"53","1997","1","Andhra Pradesh","Kadapa YSR","39.98","27.9","39.98","27.9"
"53","1998","1","Andhra Pradesh","Kadapa YSR","50.0","40.0","42.15","40.0"
"53","1999","1","Andhra Pradesh","Kadapa YSR","43.05","36.67","44.33","36.67"
"53","2000","1","Andhra Pradesh","Kadapa YSR","45.9","33.23","45.93","33.23"
"53","2001","1","Andhra Pradesh","Kadapa YSR","43.19","33.19","48.77","33.19"
"53","2002","1","Andhra Pradesh","Kadapa YSR","42.22","33.33","49.14","33.33"
"53","2003","1","Andhra Pradesh","Kadapa YSR","45.83","34.67","52.41","34.67"
"53","2004","1","Andhra Pradesh","Kadapa YSR","57.78","41.67","55.75","41.67"
"53","2005","1","Andhra Pradesh","Kadapa YSR","69.31","48.47","59.35","48.47"
"53","2006","1","Andhra Pradesh","Kadapa YSR","78.06","60.28","66.79","60.28"
"53","2007","1","Andhra Pradesh","Kadapa YSR","78.06","60.28","66.79","60.28"
"53","2008","1","Andhra Pradesh","Kadapa YSR","107.64","85.28","99.21","85.28"
"53","2009","1","Andhra Pradesh","Kadapa YSR","110.91","90.91","128.28","90.91"
"53","2012","1","Andhra Pradesh","Kadapa YSR","236.88","140.0","227.14","140.0"
"53","2013","1","Andhra Pradesh","Kadapa YSR","259.85","189.28","245.42","189.28"
"53","2014","1","Andhra Pradesh","Kadapa YSR","320.62","236.13","277.0","236.13"
"53","2015","1","Andhra Pradesh","Kadapa YSR","320.42","234.42","295.35","234.42"
"53","2016","1","Andhra Pradesh","Kadapa YSR","340.0","249.67","321.0","249.67"
"53","2017","1","Andhra Pradesh","Kadapa YSR","340.5","260.42","331.0","260.42"
"52","1990","1","Andhra Pradesh","Anantapur","22.8","20.0","19.6","20.0"
"52","1991","1","Andhra Pradesh","Anantapur","25.3","14.0","21.14","14.0"
"52","1992","1","Andhra Pradesh","Anantapur","28.3","25.0","24.5","25.0"
"52","1993","1","Andhra Pradesh","Anantapur","30.0","25.0","26.06","25.0"
"52","1994","1","Andhra Pradesh","Anantapur","25.0","20.0","29.89","20.0"
"52","1995","1","Andhra Pradesh","Anantapur","-1.0","-1.0","-1.0","-1.0"
"52","1996","1","Andhra Pradesh","Anantapur","-1.0","-1.0","-1.0","-1.0"
"52","1997","1","Andhra Pradesh","Anantapur","39.98","27.9","39.98","27.9"
"52","1998","1","Andhra Pradesh","Anantapur","37.14","27.86","42.15","27.86"
"52","1999","1","Andhra Pradesh","Anantapur","34.39","28.25","44.33","28.25"
"52","2000","1","Andhra Pradesh","Anantapur","45.92","33.22","45.93","33.22"
"52","2001","1","Andhra Pradesh","Anantapur","46.25","36.8","48.77","36.8"
"52","2002","1","Andhra Pradesh","Anantapur","45.0","34.72","49.14","34.72"
"52","2003","1","Andhra Pradesh","Anantapur","43.78","34.61","52.41","34.61"
"52","2004","1","Andhra Pradesh","Anantapur","48.47","40.69","55.75","40.69"
"52","2005","1","Andhra Pradesh","Anantapur","47.92","43.06","59.35","43.06"
"52","2006","1","Andhra Pradesh","Anantapur","49.86","46.81","66.79","46.81"
"52","2007","1","Andhra Pradesh","Anantapur","49.86","46.81","66.79","46.81"
"52","2008","1","Andhra Pradesh","Anantapur","82.0","71.94","99.21","71.94"
"52","2009","1","Andhra Pradesh","Anantapur","125.0","85.0","128.28","85.0"
"52","2012","1","Andhra Pradesh","Anantapur","227.15","147.58","227.14","147.58"
"52","2013","1","Andhra Pradesh","Anantapur","238.64","167.12","245.42","167.12"
"52","2014","1","Andhra Pradesh","Anantapur","247.5","165.42","277.0","165.42"
"52","2015","1","Andhra Pradesh","Anantapur","255.17","179.17","295.35","179.17"
"52","2016","1","Andhra Pradesh","Anantapur","287.5","205.0","321.0","205.0"
"52","2017","1","Andhra Pradesh","Anantapur","283.5","203.58","331.0","203.58"
"51","1990","1","Andhra Pradesh","Kurnool","15.8","8.0","19.6","8.0"
"51","1991","1","Andhra Pradesh","Kurnool","22.5","15.0","21.14","15.0"
"51","1992","1","Andhra Pradesh","Kurnool","29.6","15.0","24.5","15.0"
"51","1993","1","Andhra Pradesh","Kurnool","30.0","20.0","26.06","20.0"
"51","1994","1","Andhra Pradesh","Kurnool","30.0","20.0","29.89","20.0"
"51","1995","1","Andhra Pradesh","Kurnool","-1.0","-1.0","-1.0","-1.0"
"51","1996","1","Andhra Pradesh","Kurnool","-1.0","-1.0","-1.0","-1.0"
"51","1997","1","Andhra Pradesh","Kurnool","30.0","20.0","39.98","20.0"
"51","1998","1","Andhra Pradesh","Kurnool","30.0","20.0","42.15","20.0"
"51","1999","1","Andhra Pradesh","Kurnool","31.8","22.5","44.33","22.5"
"51","2000","1","Andhra Pradesh","Kurnool","45.95","33.21","45.93","33.21"
"51","2001","1","Andhra Pradesh","Kurnool","36.11","26.53","48.77","26.53"
"51","2002","1","Andhra Pradesh","Kurnool","34.58","22.92","49.14","22.92"
"51","2003","1","Andhra Pradesh","Kurnool","46.53","30.0","52.41","30.0"
"51","2004","1","Andhra Pradesh","Kurnool","50.69","28.47","55.75","28.47"
"51","2005","1","Andhra Pradesh","Kurnool","57.39","33.58","59.35","33.58"
"51","2006","1","Andhra Pradesh","Kurnool","60.19","38.11","66.79","38.11"
"51","2007","1","Andhra Pradesh","Kurnool","60.19","38.11","66.79","38.11"
"51","2008","1","Andhra Pradesh","Kurnool","78.06","59.31","99.21","59.31"
"51","2009","1","Andhra Pradesh","Kurnool","129.17","95.83","128.28","95.83"
"51","2012","1","Andhra Pradesh","Kurnool","203.75","135.75","227.14","135.75"
"51","2013","1","Andhra Pradesh","Kurnool","210.83","124.58","245.42","124.58"
"51","2014","1","Andhra Pradesh","Kurnool","200.0","137.3","277.0","137.3"
"51","2015","1","Andhra Pradesh","Kurnool","193.33","116.64","295.35","116.64"
"51","2016","1","Andhra Pradesh","Kurnool","214.75","145.64","321.0","145.64"
"51","2017","1","Andhra Pradesh","Kurnool","246.83","150.83","331.0","150.83"
"50","1990","1","Andhra Pradesh","S.P.S.Nellore","22.7","12.0","19.6","12.0"
"50","1991","1","Andhra Pradesh","S.P.S.Nellore","22.9","15.0","21.14","15.0"
"50","1992","1","Andhra Pradesh","S.P.S.Nellore","24.2","15.0","24.5","15.0"
"50","1993","1","Andhra Pradesh","S.P.S.Nellore","20.0","15.0","26.06","15.0"
"50","1994","1","Andhra Pradesh","S.P.S.Nellore","35.0","30.0","29.89","30.0"
"50","1995","1","Andhra Pradesh","S.P.S.Nellore","-1.0","-1.0","-1.0","-1.0"
"50","1996","1","Andhra Pradesh","S.P.S.Nellore","-1.0","-1.0","-1.0","-1.0"
"50","1997","1","Andhra Pradesh","S.P.S.Nellore","35.0","30.0","39.98","30.0"
"50","1998","1","Andhra Pradesh","S.P.S.Nellore","35.0","30.0","42.15","30.0"
"50","1999","1","Andhra Pradesh","S.P.S.Nellore","38.61","30.14","44.33","30.14"
"50","2000","1","Andhra Pradesh","S.P.S.Nellore","45.98","33.2","45.93","33.2"
"50","2001","1","Andhra Pradesh","S.P.S.Nellore","49.58","35.28","48.77","35.28"
"50","2002","1","Andhra Pradesh","S.P.S.Nellore","43.33","36.11","49.14","36.11"
"50","2003","1","Andhra Pradesh","S.P.S.Nellore","51.39","38.06","52.41","38.06"
"50","2004","1","Andhra Pradesh","S.P.S.Nellore","54.17","39.03","55.75","39.03"
"50","2005","1","Andhra Pradesh","S.P.S.Nellore","55.56","39.86","59.35","39.86"
"50","2006","1","Andhra Pradesh","S.P.S.Nellore","56.67","40.56","66.79","40.56"
"50","2007","1","Andhra Pradesh","S.P.S.Nellore","56.67","40.56","66.79","40.56"
"50","2008","1","Andhra Pradesh","S.P.S.Nellore","77.64","59.17","99.21","59.17"
"50","2009","1","Andhra Pradesh","S.P.S.Nellore","117.08","82.92","128.28","82.92"
"50","2012","1","Andhra Pradesh","S.P.S.Nellore","188.32","154.55","227.14","154.55"
"50","2013","1","Andhra Pradesh","S.P.S.Nellore","264.37","221.46","245.42","221.46"
"50","2014","1","Andhra Pradesh","S.P.S.Nellore","338.5","288.61","277.0","288.61"
"50","2015","1","Andhra Pradesh","S.P.S.Nellore","334.0","284.9","295.35","284.9"
"50","2016","1","Andhra Pradesh","S.P.S.Nellore","390.55","317.89","321.0","317.89"
"50","2017","1","Andhra Pradesh","S.P.S.Nellore","335.42","290.08","331.0","290.08"
"49","1990","1","Andhra Pradesh","Guntur","20.0","15.0","19.6","15.0"
"49","1991","1","Andhra Pradesh","Guntur","22.9","15.0","21.14","15.0"
"49","1992","1","Andhra Pradesh","Guntur","24.6","20.0","24.5","20.0"
"49","1993","1","Andhra Pradesh","Guntur","30.0","20.0","26.06","20.0"
"49","1994","1","Andhra Pradesh","Guntur","25.0","20.0","29.89","20.0"
"49","1995","1","Andhra Pradesh","Guntur","-1.0","-1.0","-1.0","-1.0"
"49","1996","1","Andhra Pradesh","Guntur","-1.0","-1.0","-1.0","-1.0"
"49","1997","1","Andhra Pradesh","Guntur","50.0","40.0","39.98","40.0"
"49","1998","1","Andhra Pradesh","Guntur","50.0","41.25","42.15","41.25"
"49","1999","1","Andhra Pradesh","Guntur","42.81","31.53","44.33","31.53"
"49","2000","1","Andhra Pradesh","Guntur","45.97","33.13","45.93","33.13"
"49","2001","1","Andhra Pradesh","Guntur","52.22","40.83","48.77","40.83"
"49","2002","1","Andhra Pradesh","Guntur","50.83","40.0","49.14","40.0"
"49","2003","1","Andhra Pradesh","Guntur","62.5","41.39","52.41","41.39"
"49","2004","1","Andhra Pradesh","Guntur","65.97","42.64","55.75","42.64"
"49","2005","1","Andhra Pradesh","Guntur","57.5","43.19","59.35","43.19"
"49","2006","1","Andhra Pradesh","Guntur","74.17","53.89","66.79","53.89"
"49","2007","1","Andhra Pradesh","Guntur","74.17","53.89","66.79","53.89"
"49","2008","1","Andhra Pradesh","Guntur","111.81","81.39","99.21","81.39"
"49","2009","1","Andhra Pradesh","Guntur","154.17","109.09","128.28","109.09"
"49","2012","1","Andhra Pradesh","Guntur","276.85","204.17","227.14","204.17"
"49","2013","1","Andhra Pradesh","Guntur","298.81","228.75","245.42","228.75"
"49","2014","1","Andhra Pradesh","Guntur","300.0","266.67","277.0","266.67"
"49","2015","1","Andhra Pradesh","Guntur","332.5","286.11","295.35","286.11"
"49","2016","1","Andhra Pradesh","Guntur","346.83","292.3","321.0","292.3"
"49","2017","1","Andhra Pradesh","Guntur","358.25","310.38","331.0","310.38"
"48","1990","1","Andhra Pradesh","Krishna","27.4","24.0","19.6","24.0"
"48","1991","1","Andhra Pradesh","Krishna","27.3","20.0","21.14","20.0"
"48","1992","1","Andhra Pradesh","Krishna","29.6","20.0","24.5","20.0"
"48","1993","1","Andhra Pradesh","Krishna","35.0","25.0","26.06","25.0"
"48","1994","1","Andhra Pradesh","Krishna","45.0","20.0","29.89","20.0"
"48","1995","1","Andhra Pradesh","Krishna","-1.0","-1.0","-1.0","-1.0"
"48","1996","1","Andhra Pradesh","Krishna","-1.0","-1.0","-1.0","-1.0"
"48","1997","1","Andhra Pradesh","Krishna","50.0","40.0","39.98","40.0"
"48","1998","1","Andhra Pradesh","Krishna","57.5","37.5","42.15","37.5"
"48","1999","1","Andhra Pradesh","Krishna","54.17","33.33","44.33","33.33"
"48","2000","1","Andhra Pradesh","Krishna","45.97","33.11","45.93","33.11"
"48","2001","1","Andhra Pradesh","Krishna","64.3","42.22","48.77","42.22"
"48","2002","1","Andhra Pradesh","Krishna","65.42","40.97","49.14","40.97"
"48","2003","1","Andhra Pradesh","Krishna","65.97","38.19","52.41","38.19"
"48","2004","1","Andhra Pradesh","Krishna","66.94","39.31","55.75","39.31"
"48","2005","1","Andhra Pradesh","Krishna","67.08","40.42","59.35","40.42"
"48","2006","1","Andhra Pradesh","Krishna","70.15","42.79","66.79","42.79"
"48","2007","1","Andhra Pradesh","Krishna","70.15","42.79","66.79","42.79"
"48","2008","1","Andhra Pradesh","Krishna","113.06","76.94","99.21","76.94"
"48","2009","1","Andhra Pradesh","Krishna","132.5","97.92","128.28","97.92"
"48","2012","1","Andhra Pradesh","Krishna","215.0","149.77","227.14","149.77"
"48","2013","1","Andhra Pradesh","Krishna","226.39","167.5","245.42","167.5"
"48","2014","1","Andhra Pradesh","Krishna","267.74","190.8","277.0","190.8"
"48","2015","1","Andhra Pradesh","Krishna","318.75","213.64","295.35","213.64"
"48","2016","1","Andhra Pradesh","Krishna","335.42","191.27","321.0","191.27"
"48","2017","1","Andhra Pradesh","Krishna","388.91","258.44","331.0","258.44"
"47","1990","1","Andhra Pradesh","West Godavari","17.4","15.0","19.6","15.0"
"47","1991","1","Andhra Pradesh","West Godavari","21.3","13.0","21.14","13.0"
"47","1992","1","Andhra Pradesh","West Godavari","25.8","15.0","24.5","15.0"
"47","1993","1","Andhra Pradesh","West Godavari","25.0","15.0","26.06","15.0"
"47","1994","1","Andhra Pradesh","West Godavari","25.0","15.0","29.89","15.0"
"47","1995","1","Andhra Pradesh","West Godavari","-1.0","-1.0","-1.0","-1.0"
"47","1996","1","Andhra Pradesh","West Godavari","-1.0","-1.0","-1.0","-1.0"
"47","1997","1","Andhra Pradesh","West Godavari","40.0","25.0","39.98","25.0"
"47","1998","1","Andhra Pradesh","West Godavari","40.0","30.0","42.15","30.0"
"47","1999","1","Andhra Pradesh","West Godavari","45.28","38.86","44.33","38.86"
"47","2000","1","Andhra Pradesh","West Godavari","45.97","33.08","45.93","33.08"
"47","2001","1","Andhra Pradesh","West Godavari","46.42","38.08","48.77","38.08"
"47","2002","1","Andhra Pradesh","West Godavari","46.39","37.67","49.14","37.67"
"47","2003","1","Andhra Pradesh","West Godavari","53.61","44.17","52.41","44.17"
"47","2004","1","Andhra Pradesh","West Godavari","65.0","52.36","55.75","52.36"
"47","2005","1","Andhra Pradesh","West Godavari","75.56","59.44","59.35","59.44"
"47","2006","1","Andhra Pradesh","West Godavari","77.92","61.39","66.79","61.39"
"47","2007","1","Andhra Pradesh","West Godavari","77.92","61.39","66.79","61.39"
"47","2008","1","Andhra Pradesh","West Godavari","102.92","75.28","99.21","75.28"
"47","2009","1","Andhra Pradesh","West Godavari","162.5","119.17","128.28","119.17"
"47","2012","1","Andhra Pradesh","West Godavari","241.25","192.9","227.14","192.9"
"47","2013","1","Andhra Pradesh","West Godavari","258.41","204.95","245.42","204.95"
"47","2014","1","Andhra Pradesh","West Godavari","282.29","236.31","277.0","236.31"
"47","2015","1","Andhra Pradesh","West Godavari","295.55","226.45","295.35","226.45"
"47","2016","1","Andhra Pradesh","West Godavari","322.09","260.73","321.0","260.73"
"47","2017","1","Andhra Pradesh","West Godavari","414.08","279.9","331.0","279.9"
"46","1990","1","Andhra Pradesh","East Godavari","14.5","10.0","19.6","10.0"
"46","1991","1","Andhra Pradesh","East Godavari","18.0","12.0","21.14","12.0"
"46","1992","1","Andhra Pradesh","East Godavari","21.8","16.0","24.5","16.0"
"46","1993","1","Andhra Pradesh","East Godavari","25.0","20.0","26.06","20.0"
"46","1994","1","Andhra Pradesh","East Godavari","40.0","25.0","29.89","25.0"
"46","1995","1","Andhra Pradesh","East Godavari","-1.0","-1.0","-1.0","-1.0"
"46","1996","1","Andhra Pradesh","East Godavari","-1.0","-1.0","-1.0","-1.0"
"46","1997","1","Andhra Pradesh","East Godavari","39.98","27.9","39.98","27.9"
"46","1998","1","Andhra Pradesh","East Godavari","43.57","35.71","42.15","35.71"
"46","1999","1","Andhra Pradesh","East Godavari","52.64","43.47","44.33","43.47"
"46","2000","1","Andhra Pradesh","East Godavari","46.03","33.07","45.93","33.07"
"46","2001","1","Andhra Pradesh","East Godavari","50.69","39.86","48.77","39.86"
"46","2002","1","Andhra Pradesh","East Godavari","48.53","38.82","49.14","38.82"
"46","2003","1","Andhra Pradesh","East Godavari","51.67","41.25","52.41","41.25"
"46","2004","1","Andhra Pradesh","East Godavari","55.28","47.5","55.75","47.5"
"46","2005","1","Andhra Pradesh","East Godavari","55.83","44.72","59.35","44.72"
"46","2006","1","Andhra Pradesh","East Godavari","79.17","61.11","66.79","61.11"
"46","2007","1","Andhra Pradesh","East Godavari","79.17","61.11","66.79","61.11"
"46","2008","1","Andhra Pradesh","East Godavari","125.0","86.39","99.21","86.39"
"46","2009","1","Andhra Pradesh","East Godavari","165.0","95.0","128.28","95.0"
"46","2012","1","Andhra Pradesh","East Godavari","244.1","165.07","227.14","165.07"
"46","2013","1","Andhra Pradesh","East Godavari","248.26","180.7","245.42","180.7"
"46","2014","1","Andhra Pradesh","East Godavari","326.67","187.5","277.0","187.5"
"46","2015","1","Andhra Pradesh","East Godavari","371.18","204.55","295.35","204.55"
"46","2016","1","Andhra Pradesh","East Godavari","431.58","252.08","321.0","252.08"
"46","2017","1","Andhra Pradesh","East Godavari","454.55","254.55","331.0","254.55"
"45","1990","1","Andhra Pradesh","Visakhapatnam","17.7","15.0","19.6","15.0"
"45","1991","1","Andhra Pradesh","Visakhapatnam","21.9","12.0","21.14","12.0"
"45","1992","1","Andhra Pradesh","Visakhapatnam","32.5","15.0","24.5","15.0"
"45","1993","1","Andhra Pradesh","Visakhapatnam","20.0","10.0","26.06","10.0"
"45","1994","1","Andhra Pradesh","Visakhapatnam","30.0","15.0","29.89","15.0"
"45","1995","1","Andhra Pradesh","Visakhapatnam","-1.0","-1.0","-1.0","-1.0"
"45","1996","1","Andhra Pradesh","Visakhapatnam","-1.0","-1.0","-1.0","-1.0"
"45","1997","1","Andhra Pradesh","Visakhapatnam","39.98","27.9","39.98","27.9"
"45","1998","1","Andhra Pradesh","Visakhapatnam","51.43","33.57","42.15","33.57"
"45","1999","1","Andhra Pradesh","Visakhapatnam","50.98","33.33","44.33","33.33"
"45","2000","1","Andhra Pradesh","Visakhapatnam","46.22","33.1","45.93","33.1"
"45","2001","1","Andhra Pradesh","Visakhapatnam","46.53","37.5","48.77","37.5"
"45","2002","1","Andhra Pradesh","Visakhapatnam","48.61","38.61","49.14","38.61"
"45","2003","1","Andhra Pradesh","Visakhapatnam","49.86","39.17","52.41","39.17"
"45","2004","1","Andhra Pradesh","Visakhapatnam","56.67","46.25","55.75","46.25"
"45","2005","1","Andhra Pradesh","Visakhapatnam","65.14","52.5","59.35","52.5"
"45","2006","1","Andhra Pradesh","Visakhapatnam","69.58","50.14","66.79","50.14"
"45","2007","1","Andhra Pradesh","Visakhapatnam","69.58","50.14","66.79","50.14"
"45","2008","1","Andhra Pradesh","Visakhapatnam","121.67","83.06","99.21","83.06"
"45","2009","1","Andhra Pradesh","Visakhapatnam","115.0","65.0","128.28","65.0"
"45","2012","1","Andhra Pradesh","Visakhapatnam","289.03","178.51","227.14","178.51"
"45","2013","1","Andhra Pradesh","Visakhapatnam","303.79","168.7","245.42","168.7"
"45","2014","1","Andhra Pradesh","Visakhapatnam","295.93","137.9","277.0","137.9"
"45","2015","1","Andhra Pradesh","Visakhapatnam","294.25","136.5","295.35","136.5"
"45","2016","1","Andhra Pradesh","Visakhapatnam","296.92","154.5","321.0","154.5"
"45","2017","1","Andhra Pradesh","Visakhapatnam","333.08","206.83","331.0","206.83"
"44","1990","1","Andhra Pradesh","Srikakulam","14.8","10.0","19.6","10.0"
"44","1991","1","Andhra Pradesh","Srikakulam","13.1","10.0","21.14","10.0"
"44","1992","1","Andhra Pradesh","Srikakulam","23.1","20.0","24.5","20.0"
"44","1993","1","Andhra Pradesh","Srikakulam","30.0","15.0","26.06","15.0"
"44","1994","1","Andhra Pradesh","Srikakulam","30.0","20.0","29.89","20.0"
"44","1995","1","Andhra Pradesh","Srikakulam","-1.0","-1.0","-1.0","-1.0"
"44","1996","1","Andhra Pradesh","Srikakulam","-1.0","-1.0","-1.0","-1.0"
"44","1997","1","Andhra Pradesh","Srikakulam","45.0","25.0","39.98","25.0"
"44","1998","1","Andhra Pradesh","Srikakulam","40.71","25.71","42.15","25.71"
"44","1999","1","Andhra Pradesh","Srikakulam","47.5","26.92","44.33","26.92"
"44","2000","1","Andhra Pradesh","Srikakulam","45.98","32.97","45.93","32.97"
"44","2001","1","Andhra Pradesh","Srikakulam","51.25","28.6","48.77","28.6"
"44","2002","1","Andhra Pradesh","Srikakulam","55.83","28.47","49.14","28.47"
"44","2003","1","Andhra Pradesh","Srikakulam","57.92","32.64","52.41","32.64"
"44","2004","1","Andhra Pradesh","Srikakulam","64.58","35.83","55.75","35.83"
"44","2005","1","Andhra Pradesh","Srikakulam","66.39","37.5","59.35","37.5"
"44","2006","1","Andhra Pradesh","Srikakulam","71.67","39.44","66.79","39.44"
"44","2007","1","Andhra Pradesh","Srikakulam","71.67","39.44","66.79","39.44"
"44","2008","1","Andhra Pradesh","Srikakulam","97.78","57.5","99.21","57.5"
"44","2009","1","Andhra Pradesh","Srikakulam","159.17","101.67","128.28","101.67"
"44","2012","1","Andhra Pradesh","Srikakulam","262.5","146.67","227.14","146.67"
"44","2013","1","Andhra Pradesh","Srikakulam","271.08","161.52","245.42","161.52"
"44","2014","1","Andhra Pradesh","Srikakulam","290.74","147.5","277.0","147.5"
"44","2015","1","Andhra Pradesh","Srikakulam","360.71","170.0","295.35","170.0"
"44","2016","1","Andhra Pradesh","Srikakulam","298.71","220.83","321.0","220.83"
"44","2017","1","Andhra Pradesh","Srikakulam","368.0","237.5","331.0","237.5"