"Dist Code","Year","State Code","State Name","Dist Name","RICE IRRIGATED AREA (1000 ha)"
"44","1990","1","Andhra Pradesh","Srikakulam","182.15"
"44","1991","1","Andhra Pradesh","Srikakulam","179.4"
"44","1992","1","Andhra Pradesh","Srikakulam","180.81"
"44","1993","1","Andhra Pradesh","Srikakulam","162.29"
"44","1994","1","Andhra Pradesh","Srikakulam","171.55"
"44","1995","1","Andhra Pradesh","Srikakulam","183.23"
"44","1996","1","Andhra Pradesh","Srikakulam","155.44"
"44","1997","1","Andhra Pradesh","Srikakulam","161.96"
"44","1998","1","Andhra Pradesh","Srikakulam","167.36"
"44","1999","1","Andhra Pradesh","Srikakulam","166.26"
"44","2000","1","Andhra Pradesh","Srikakulam","177.21"
"44","2001","1","Andhra Pradesh","Srikakulam","153.83"
"44","2002","1","Andhra Pradesh","Srikakulam","138.48"
"44","2003","1","Andhra Pradesh","Srikakulam","163.83"
"44","2004","1","Andhra Pradesh","Srikakulam","167.72"
"44","2005","1","Andhra Pradesh","Srikakulam","141.93"
"44","2006","1","Andhra Pradesh","Srikakulam","169.34"
"44","2007","1","Andhra Pradesh","Srikakulam","173.82"
"44","2008","1","Andhra Pradesh","Srikakulam","175.5"
"44","2009","1","Andhra Pradesh","Srikakulam","156.59"
"44","2010","1","Andhra Pradesh","Srikakulam","181.39"
"44","2011","1","Andhra Pradesh","Srikakulam","180.35"
"44","2012","1","Andhra Pradesh","Srikakulam","181.25"
"44","2013","1","Andhra Pradesh","Srikakulam","175.41"
"44","2014","1","Andhra Pradesh","Srikakulam","181.16"
"44","2015","1","Andhra Pradesh","Srikakulam","179.52"
"44","2016","1","Andhra Pradesh","Srikakulam","179.02"
"44","2017","1","Andhra Pradesh","Srikakulam","185.86"
"45","1990","1","Andhra Pradesh","Visakhapatnam","92.25"
"45","1991","1","Andhra Pradesh","Visakhapatnam","78.98"
"45","1992","1","Andhra Pradesh","Visakhapatnam","89.71"
"45","1993","1","Andhra Pradesh","Visakhapatnam","70.02"
"45","1994","1","Andhra Pradesh","Visakhapatnam","77.46"
"45","1995","1","Andhra Pradesh","Visakhapatnam","88.26"
"45","1996","1","Andhra Pradesh","Visakhapatnam","90.98"
"45","1997","1","Andhra Pradesh","Visakhapatnam","76.53"
"45","1998","1","Andhra Pradesh","Visakhapatnam","92.19"
"45","1999","1","Andhra Pradesh","Visakhapatnam","81.4"
"45","2000","1","Andhra Pradesh","Visakhapatnam","90.41"
"45","2001","1","Andhra Pradesh","Visakhapatnam","65.59"
"45","2002","1","Andhra Pradesh","Visakhapatnam","41.54"
"45","2003","1","Andhra Pradesh","Visakhapatnam","61.3"
"45","2004","1","Andhra Pradesh","Visakhapatnam","70.24"
"45","2005","1","Andhra Pradesh","Visakhapatnam","62.14"
"45","2006","1","Andhra Pradesh","Visakhapatnam","69.08"
"45","2007","1","Andhra Pradesh","Visakhapatnam","73.08"
"45","2008","1","Andhra Pradesh","Visakhapatnam","76.22"
"45","2009","1","Andhra Pradesh","Visakhapatnam","44.88"
"45","2010","1","Andhra Pradesh","Visakhapatnam","91.69"
"45","2011","1","Andhra Pradesh","Visakhapatnam","84.5"
"45","2012","1","Andhra Pradesh","Visakhapatnam","81.17"
"45","2013","1","Andhra Pradesh","Visakhapatnam","82.0"
"45","2014","1","Andhra Pradesh","Visakhapatnam","83.47"
"45","2015","1","Andhra Pradesh","Visakhapatnam","85.11"
"45","2016","1","Andhra Pradesh","Visakhapatnam","88.8"
"45","2017","1","Andhra Pradesh","Visakhapatnam","89.12"
"46","1990","1","Andhra Pradesh","East Godavari","357.6"
"46","1991","1","Andhra Pradesh","East Godavari","355.92"
"46","1992","1","Andhra Pradesh","East Godavari","336.87"
"46","1993","1","Andhra Pradesh","East Godavari","380.5"
"46","1994","1","Andhra Pradesh","East Godavari","379.9"
"46","1995","1","Andhra Pradesh","East Godavari","397.35"
"46","1996","1","Andhra Pradesh","East Godavari","401.44"
"46","1997","1","Andhra Pradesh","East Godavari","361.39"
"46","1998","1","Andhra Pradesh","East Godavari","393.81"
"46","1999","1","Andhra Pradesh","East Godavari","389.98"
"46","2000","1","Andhra Pradesh","East Godavari","396.87"
"46","2001","1","Andhra Pradesh","East Godavari","376.68"
"46","2002","1","Andhra Pradesh","East Godavari","295.29"
"46","2003","1","Andhra Pradesh","East Godavari","387.49"
"46","2004","1","Andhra Pradesh","East Godavari","377.32"
"46","2005","1","Andhra Pradesh","East Godavari","380.4"
"46","2006","1","Andhra Pradesh","East Godavari","387.7"
"46","2007","1","Andhra Pradesh","East Godavari","400.52"
"46","2008","1","Andhra Pradesh","East Godavari","400.79"
"46","2009","1","Andhra Pradesh","East Godavari","303.19"
"46","2010","1","Andhra Pradesh","East Godavari","403.08"
"46","2011","1","Andhra Pradesh","East Godavari","331.37"
"46","2012","1","Andhra Pradesh","East Godavari","394.93"
"46","2013","1","Andhra Pradesh","East Godavari","398.4"
"46","2014","1","Andhra Pradesh","East Godavari","384.96"
"46","2015","1","Andhra Pradesh","East Godavari","369.55"
"46","2016","1","Andhra Pradesh","East Godavari","372.49"
"46","2017","1","Andhra Pradesh","East Godavari","375.58"
"47","1990","1","Andhra Pradesh","West Godavari","431.9"
"47","1991","1","Andhra Pradesh","West Godavari","390.48"
"47","1992","1","Andhra Pradesh","West Godavari","440.49"
"47","1993","1","Andhra Pradesh","West Godavari","420.83"
"47","1994","1","Andhra Pradesh","West Godavari","458.17"
"47","1995","1","Andhra Pradesh","West Godavari","465.1"
"47","1996","1","Andhra Pradesh","West Godavari","464.09"
"47","1997","1","Andhra Pradesh","West Godavari","439.14"
"47","1998","1","Andhra Pradesh","West Godavari","452.06"
"47","1999","1","Andhra Pradesh","West Godavari","456.05"
"47","2000","1","Andhra Pradesh","West Godavari","464.57"
"47","2001","1","Andhra Pradesh","West Godavari","412.02"
"47","2002","1","Andhra Pradesh","West Godavari","330.55"
"47","2003","1","Andhra Pradesh","West Godavari","407.13"
"47","2004","1","Andhra Pradesh","West Godavari","416.8"
"47","2005","1","Andhra Pradesh","West Godavari","443.03"
"47","2006","1","Andhra Pradesh","West Godavari","431.79"
"47","2007","1","Andhra Pradesh","West Godavari","442.09"
"47","2008","1","Andhra Pradesh","West Godavari","447.02"
"47","2009","1","Andhra Pradesh","West Godavari","328.58"
"47","2010","1","Andhra Pradesh","West Godavari","455.69"
"47","2011","1","Andhra Pradesh","West Godavari","360.94"
"47","2012","1","Andhra Pradesh","West Godavari","421.04"
"47","2013","1","Andhra Pradesh","West Godavari","419.08"
"47","2014","1","Andhra Pradesh","West Godavari","407.03"
"47","2015","1","Andhra Pradesh","West Godavari","401.83"
"47","2016","1","Andhra Pradesh","West Godavari","398.3"
"47","2017","1","Andhra Pradesh","West Godavari","392.44"
"48","1990","1","Andhra Pradesh","Krishna","376.88"
"48","1991","1","Andhra Pradesh","Krishna","373.94"
"48","1992","1","Andhra Pradesh","Krishna","400.35"
"48","1993","1","Andhra Pradesh","Krishna","370.19"
"48","1994","1","Andhra Pradesh","Krishna","395.8"
"48","1995","1","Andhra Pradesh","Krishna","366.62"
"48","1996","1","Andhra Pradesh","Krishna","389.35"
"48","1997","1","Andhra Pradesh","Krishna","373.59"
"48","1998","1","Andhra Pradesh","Krishna","414.5"
"48","1999","1","Andhra Pradesh","Krishna","405.31"
"48","2000","1","Andhra Pradesh","Krishna","392.93"
"48","2001","1","Andhra Pradesh","Krishna","343.1"
"48","2002","1","Andhra Pradesh","Krishna","244.62"
"48","2003","1","Andhra Pradesh","Krishna","229.41"
"48","2004","1","Andhra Pradesh","Krishna","254.91"
"48","2005","1","Andhra Pradesh","Krishna","358.92"
"48","2006","1","Andhra Pradesh","Krishna","346.05"
"48","2007","1","Andhra Pradesh","Krishna","354.82"
"48","2008","1","Andhra Pradesh","Krishna","394.53"
"48","2009","1","Andhra Pradesh","Krishna","336.64"
"48","2010","1","Andhra Pradesh","Krishna","355.16"
"48","2011","1","Andhra Pradesh","Krishna","271.71"
"48","2012","1","Andhra Pradesh","Krishna","264.18"
"48","2013","1","Andhra Pradesh","Krishna","363.32"
"48","2014","1","Andhra Pradesh","Krishna","288.04"
"48","2015","1","Andhra Pradesh","Krishna","220.68"
"48","2016","1","Andhra Pradesh","Krishna","231.41"
"48","2017","1","Andhra Pradesh","Krishna","258.73"
"49","1990","1","Andhra Pradesh","Guntur","301.09"
"49","1991","1","Andhra Pradesh","Guntur","302.42"
"49","1992","1","Andhra Pradesh","Guntur","282.2"
"49","1993","1","Andhra Pradesh","Guntur","291.37"
"49","1994","1","Andhra Pradesh","Guntur","300.83"
"49","1995","1","Andhra Pradesh","Guntur","275.07"
"49","1996","1","Andhra Pradesh","Guntur","293.98"
"49","1997","1","Andhra Pradesh","Guntur","305.98"
"49","1998","1","Andhra Pradesh","Guntur","325.47"
"49","1999","1","Andhra Pradesh","Guntur","315.03"
"49","2000","1","Andhra Pradesh","Guntur","302.74"
"49","2001","1","Andhra Pradesh","Guntur","314.91"
"49","2002","1","Andhra Pradesh","Guntur","203.88"
"49","2003","1","Andhra Pradesh","Guntur","174.5"
"49","2004","1","Andhra Pradesh","Guntur","260.39"
"49","2005","1","Andhra Pradesh","Guntur","319.85"
"49","2006","1","Andhra Pradesh","Guntur","317.46"
"49","2007","1","Andhra Pradesh","Guntur","307.25"
"49","2008","1","Andhra Pradesh","Guntur","332.85"
"49","2009","1","Andhra Pradesh","Guntur","302.87"
"49","2010","1","Andhra Pradesh","Guntur","329.47"
"49","2011","1","Andhra Pradesh","Guntur","292.79"
"49","2012","1","Andhra Pradesh","Guntur","183.06"
"49","2013","1","Andhra Pradesh","Guntur","328.17"
"49","2014","1","Andhra Pradesh","Guntur","285.3"
"49","2015","1","Andhra Pradesh","Guntur","163.22"
"49","2016","1","Andhra Pradesh","Guntur","175.94"
"49","2017","1","Andhra Pradesh","Guntur","202.49"
"50","1990","1","Andhra Pradesh","S.P.S.Nellore","222.0"
"50","1991","1","Andhra Pradesh","S.P.S.Nellore","226.28"
"50","1992","1","Andhra Pradesh","S.P.S.Nellore","203.96"
"50","1993","1","Andhra Pradesh","S.P.S.Nellore","224.65"
"50","1994","1","Andhra Pradesh","S.P.S.Nellore","208.12"
"50","1995","1","Andhra Pradesh","S.P.S.Nellore","211.9"
"50","1996","1","Andhra Pradesh","S.P.S.Nellore","224.99"
"50","1997","1","Andhra Pradesh","S.P.S.Nellore","229.27"
"50","1998","1","Andhra Pradesh","S.P.S.Nellore","226.09"
"50","1999","1","Andhra Pradesh","S.P.S.Nellore","195.7"
"50","2000","1","Andhra Pradesh","S.P.S.Nellore","184.76"
"50","2001","1","Andhra Pradesh","S.P.S.Nellore","207.27"
"50","2002","1","Andhra Pradesh","S.P.S.Nellore","217.6"
"50","2003","1","Andhra Pradesh","S.P.S.Nellore","151.08"
"50","2004","1","Andhra Pradesh","S.P.S.Nellore","184.42"
"50","2005","1","Andhra Pradesh","S.P.S.Nellore","206.1"
"50","2006","1","Andhra Pradesh","S.P.S.Nellore","241.1"
"50","2007","1","Andhra Pradesh","S.P.S.Nellore","233.84"
"50","2008","1","Andhra Pradesh","S.P.S.Nellore","256.17"
"50","2009","1","Andhra Pradesh","S.P.S.Nellore","265.07"
"50","2010","1","Andhra Pradesh","S.P.S.Nellore","269.73"
"50","2011","1","Andhra Pradesh","S.P.S.Nellore","253.27"
"50","2012","1","Andhra Pradesh","S.P.S.Nellore","249.54"
"50","2013","1","Andhra Pradesh","S.P.S.Nellore","223.05"
"50","2014","1","Andhra Pradesh","S.P.S.Nellore","239.07"
"50","2015","1","Andhra Pradesh","S.P.S.Nellore","287.01"
"50","2016","1","Andhra Pradesh","S.P.S.Nellore","204.01"
"50","2017","1","Andhra Pradesh","S.P.S.Nellore","224.34"
"51","1990","1","Andhra Pradesh","Kurnool","73.13"
"51","1991","1","Andhra Pradesh","Kurnool","71.35"
"51","1992","1","Andhra Pradesh","Kurnool","68.97"
"51","1993","1","Andhra Pradesh","Kurnool","68.7"
"51","1994","1","Andhra Pradesh","Kurnool","58.52"
"51","1995","1","Andhra Pradesh","Kurnool","69.0"
"51","1996","1","Andhra Pradesh","Kurnool","80.97"
"51","1997","1","Andhra Pradesh","Kurnool","72.05"
"51","1998","1","Andhra Pradesh","Kurnool","92.14"
"51","1999","1","Andhra Pradesh","Kurnool","89.43"
"51","2000","1","Andhra Pradesh","Kurnool","102.93"
"51","2001","1","Andhra Pradesh","Kurnool","80.21"
"51","2002","1","Andhra Pradesh","Kurnool","55.5"
"51","2003","1","Andhra Pradesh","Kurnool","36.01"
"51","2004","1","Andhra Pradesh","Kurnool","72.13"
"51","2005","1","Andhra Pradesh","Kurnool","106.88"
"51","2006","1","Andhra Pradesh","Kurnool","92.83"
"51","2007","1","Andhra Pradesh","Kurnool","108.48"
"51","2008","1","Andhra Pradesh","Kurnool","111.26"
"51","2009","1","Andhra Pradesh","Kurnool","126.54"
"51","2010","1","Andhra Pradesh","Kurnool","136.96"
"51","2011","1","Andhra Pradesh","Kurnool","106.51"
"51","2012","1","Andhra Pradesh","Kurnool","89.02"
"51","2013","1","Andhra Pradesh","Kurnool","124.24"
"51","2014","1","Andhra Pradesh","Kurnool","114.23"
"51","2015","1","Andhra Pradesh","Kurnool","54.04"
"51","2016","1","Andhra Pradesh","Kurnool","107.49"
"51","2017","1","Andhra Pradesh","Kurnool","100.65"
"52","1990","1","Andhra Pradesh","Anantapur","45.93"
"52","1991","1","Andhra Pradesh","Anantapur","59.51"
"52","1992","1","Andhra Pradesh","Anantapur","46.61"
"52","1993","1","Andhra Pradesh","Anantapur","49.2"
"52","1994","1","Andhra Pradesh","Anantapur","36.0"
"52","1995","1","Andhra Pradesh","Anantapur","41.41"
"52","1996","1","Andhra Pradesh","Anantapur","67.31"
"52","1997","1","Andhra Pradesh","Anantapur","53.47"
"52","1998","1","Andhra Pradesh","Anantapur","64.75"
"52","1999","1","Andhra Pradesh","Anantapur","58.06"
"52","2000","1","Andhra Pradesh","Anantapur","61.85"
"52","2001","1","Andhra Pradesh","Anantapur","70.94"
"52","2002","1","Andhra Pradesh","Anantapur","39.9"
"52","2003","1","Andhra Pradesh","Anantapur","28.32"
"52","2004","1","Andhra Pradesh","Anantapur","33.5"
"52","2005","1","Andhra Pradesh","Anantapur","48.06"
"52","2006","1","Andhra Pradesh","Anantapur","33.13"
"52","2007","1","Andhra Pradesh","Anantapur","44.35"
"52","2008","1","Andhra Pradesh","Anantapur","48.71"
"52","2009","1","Andhra Pradesh","Anantapur","51.65"
"52","2010","1","Andhra Pradesh","Anantapur","59.68"
"52","2011","1","Andhra Pradesh","Anantapur","48.38"
"52","2012","1","Andhra Pradesh","Anantapur","29.04"
"52","2013","1","Andhra Pradesh","Anantapur","40.34"
"52","2014","1","Andhra Pradesh","Anantapur","29.2"
"52","2015","1","Andhra Pradesh","Anantapur","33.61"
"52","2016","1","Andhra Pradesh","Anantapur","22.88"
"52","2017","1","Andhra Pradesh","Anantapur","30.89"
"53","1990","1","Andhra Pradesh","Kadapa YSR","64.0"
"53","1991","1","Andhra Pradesh","Kadapa YSR","72.32"
"53","1992","1","Andhra Pradesh","Kadapa YSR","48.78"
"53","1993","1","Andhra Pradesh","Kadapa YSR","64.44"
"53","1994","1","Andhra Pradesh","Kadapa YSR","51.53"
"53","1995","1","Andhra Pradesh","Kadapa YSR","59.16"
"53","1996","1","Andhra Pradesh","Kadapa YSR","81.6"
"53","1997","1","Andhra Pradesh","Kadapa YSR","60.6"
"53","1998","1","Andhra Pradesh","Kadapa YSR","76.07"
"53","1999","1","Andhra Pradesh","Kadapa YSR","61.39"
"53","2000","1","Andhra Pradesh","Kadapa YSR","67.63"
"53","2001","1","Andhra Pradesh","Kadapa YSR","75.76"
"53","2002","1","Andhra Pradesh","Kadapa YSR","36.55"
"53","2003","1","Andhra Pradesh","Kadapa YSR","34.07"
"53","2004","1","Andhra Pradesh","Kadapa YSR","52.62"
"53","2005","1","Andhra Pradesh","Kadapa YSR","66.75"
"53","2006","1","Andhra Pradesh","Kadapa YSR","46.91"
"53","2007","1","Andhra Pradesh","Kadapa YSR","62.56"
"53","2008","1","Andhra Pradesh","Kadapa YSR","65.07"
"53","2009","1","Andhra Pradesh","Kadapa YSR","65.32"
"53","2010","1","Andhra Pradesh","Kadapa YSR","70.38"
"53","2011","1","Andhra Pradesh","Kadapa YSR","53.9"
"53","2012","1","Andhra Pradesh","Kadapa YSR","30.75"
"53","2013","1","Andhra Pradesh","Kadapa YSR","62.71"
"53","2014","1","Andhra Pradesh","Kadapa YSR","45.89"
"53","2015","1","Andhra Pradesh","Kadapa YSR","40.26"
"53","2016","1","Andhra Pradesh","Kadapa YSR","50.33"
"53","2017","1","Andhra Pradesh","Kadapa YSR","54.98"
"54","1990","1","Andhra Pradesh","Chittoor","89.04"
"54","1991","1","Andhra Pradesh","Chittoor","109.24"
"54","1992","1","Andhra Pradesh","Chittoor","74.8"
"54","1993","1","Andhra Pradesh","Chittoor","100.52"
"54","1994","1","Andhra Pradesh","Chittoor","76.61"
"54","1995","1","Andhra Pradesh","Chittoor","78.73"
"54","1996","1","Andhra Pradesh","Chittoor","129.74"
"54","1997","1","Andhra Pradesh","Chittoor","97.23"
"54","1998","1","Andhra Pradesh","Chittoor","100.99"
"54","1999","1","Andhra Pradesh","Chittoor","71.35"
"54","2000","1","Andhra Pradesh","Chittoor","70.82"
"54","2001","1","Andhra Pradesh","Chittoor","83.99"
"54","2002","1","Andhra Pradesh","Chittoor","49.15"
"54","2003","1","Andhra Pradesh","Chittoor","44.1"
"54","2004","1","Andhra Pradesh","Chittoor","42.71"
"54","2005","1","Andhra Pradesh","Chittoor","81.03"
"54","2006","1","Andhra Pradesh","Chittoor","45.47"
"54","2007","1","Andhra Pradesh","Chittoor","51.57"
"54","2008","1","Andhra Pradesh","Chittoor","55.14"
"54","2009","1","Andhra Pradesh","Chittoor","54.47"
"54","2010","1","Andhra Pradesh","Chittoor","61.13"
"54","2011","1","Andhra Pradesh","Chittoor","50.82"
"54","2012","1","Andhra Pradesh","Chittoor","47.35"
"54","2013","1","Andhra Pradesh","Chittoor","49.68"
"54","2014","1","Andhra Pradesh","Chittoor","40.91"
"54","2015","1","Andhra Pradesh","Chittoor","88.1"
"54","2016","1","Andhra Pradesh","Chittoor","46.68"
"54","2017","1","Andhra Pradesh","Chittoor","64.77"
"503","1990","1","Andhra Pradesh","Vizianagaram","124.51"
"503","1991","1","Andhra Pradesh","Vizianagaram","120.98"
"503","1992","1","Andhra Pradesh","Vizianagaram","121.79"
"503","1993","1","Andhra Pradesh","Vizianagaram","99.65"
"503","1994","1","Andhra Pradesh","Vizianagaram","117.03"
"503","1995","1","Andhra Pradesh","Vizianagaram","125.52"
"503","1996","1","Andhra Pradesh","Vizianagaram","119.44"
"503","1997","1","Andhra Pradesh","Vizianagaram","118.51"
"503","1998","1","Andhra Pradesh","Vizianagaram","123.19"
"503","1999","1","Andhra Pradesh","Vizianagaram","121.49"
"503","2000","1","Andhra Pradesh","Vizianagaram","119.47"
"503","2001","1","Andhra Pradesh","Vizianagaram","99.06"
"503","2002","1","Andhra Pradesh","Vizianagaram","83.9"
"503","2003","1","Andhra Pradesh","Vizianagaram","102.11"
"503","2004","1","Andhra Pradesh","Vizianagaram","115.96"
"503","2005","1","Andhra Pradesh","Vizianagaram","89.06"
"503","2006","1","Andhra Pradesh","Vizianagaram","108.6"
"503","2007","1","Andhra Pradesh","Vizianagaram","118.27"
"503","2008","1","Andhra Pradesh","Vizianagaram","122.38"
"503","2009","1","Andhra Pradesh","Vizianagaram","99.0"
"503","2010","1","Andhra Pradesh","Vizianagaram","124.78"
"503","2011","1","Andhra Pradesh","Vizianagaram","117.75"
"503","2012","1","Andhra Pradesh","Vizianagaram","118.8"
"503","2013","1","Andhra Pradesh","Vizianagaram","109.37"
"503","2014","1","Andhra Pradesh","Vizianagaram","118.96"
"503","2015","1","Andhra Pradesh","Vizianagaram","119.99"
"503","2016","1","Andhra Pradesh","Vizianagaram","118.13"
"503","2017","1","Andhra Pradesh","Vizianagaram","123.57"
"504","1990","1","Andhra Pradesh","Prakasam","138.89"
"504","1991","1","Andhra Pradesh","Prakasam","147.61"
"504","1992","1","Andhra Pradesh","Prakasam","127.39"
"504","1993","1","Andhra Pradesh","Prakasam","133.88"
"504","1994","1","Andhra Pradesh","Prakasam","134.85"
"504","1995","1","Andhra Pradesh","Prakasam","106.37"
"504","1996","1","Andhra Pradesh","Prakasam","139.8"
"504","1997","1","Andhra Pradesh","Prakasam","135.53"
"504","1998","1","Andhra Pradesh","Prakasam","144.72"
"504","1999","1","Andhra Pradesh","Prakasam","122.69"
"504","2000","1","Andhra Pradesh","Prakasam","143.86"
"504","2001","1","Andhra Pradesh","Prakasam","145.19"
"504","2002","1","Andhra Pradesh","Prakasam","45.11"
"504","2003","1","Andhra Pradesh","Prakasam","44.98"
"504","2004","1","Andhra Pradesh","Prakasam","91.98"
"504","2005","1","Andhra Pradesh","Prakasam","148.72"
"504","2006","1","Andhra Pradesh","Prakasam","121.0"
"504","2007","1","Andhra Pradesh","Prakasam","127.53"
"504","2008","1","Andhra Pradesh","Prakasam","131.21"
"504","2009","1","Andhra Pradesh","Prakasam","128.95"
"504","2010","1","Andhra Pradesh","Prakasam","156.75"
"504","2011","1","Andhra Pradesh","Prakasam","118.52"
"504","2012","1","Andhra Pradesh","Prakasam","51.7"
"504","2013","1","Andhra Pradesh","Prakasam","138.58"
"504","2014","1","Andhra Pradesh","Prakasam","105.3"
"504","2015","1","Andhra Pradesh","Prakasam","43.98"
"504","2016","1","Andhra Pradesh","Prakasam","39.92"
"504","2017","1","Andhra Pradesh","Prakasam","47.2"