"Dist Code","Year","State Code","State Name","Dist Name","PADDY HARVEST PRICE (Rs per Quintal)"
"44","1966","1","Andhra Pradesh","Srikakulam","47.6"
"44","1967","1","Andhra Pradesh","Srikakulam","57.7"
"44","1968","1","Andhra Pradesh","Srikakulam","62.7"
"44","1969","1","Andhra Pradesh","Srikakulam","55.6"
"44","1970","1","Andhra Pradesh","Srikakulam","53.8"
"44","1971","1","Andhra Pradesh","Srikakulam","59.9"
"44","1972","1","Andhra Pradesh","Srikakulam","88.9"
"44","1973","1","Andhra Pradesh","Srikakulam","83.6"
"44","1974","1","Andhra Pradesh","Srikakulam","120.8"
"44","1975","1","Andhra Pradesh","Srikakulam","86.0"
"44","1976","1","Andhra Pradesh","Srikakulam","82.0"
"44","1977","1","Andhra Pradesh","Srikakulam","92.0"
"44","1978","1","Andhra Pradesh","Srikakulam","78.7"
"44","1979","1","Andhra Pradesh","Srikakulam","81.9"
"44","1980","1","Andhra Pradesh","Srikakulam","92.7"
"44","1981","1","Andhra Pradesh","Srikakulam","114.0"
"44","1982","1","Andhra Pradesh","Srikakulam","130.1"
"44","1983","1","Andhra Pradesh","Srikakulam","139.7"
"44","1984","1","Andhra Pradesh","Srikakulam","140.3"
"44","1985","1","Andhra Pradesh","Srikakulam","146.6"
"44","1986","1","Andhra Pradesh","Srikakulam","156.6"
"44","1987","1","Andhra Pradesh","Srikakulam","190.2"
"44","1988","1","Andhra Pradesh","Srikakulam","198.1"
"44","1989","1","Andhra Pradesh","Srikakulam","199.7"
"44","1990","1","Andhra Pradesh","Srikakulam","202.0"
"44","1991","1","Andhra Pradesh","Srikakulam","254.0"
"44","1992","1","Andhra Pradesh","Srikakulam","280.0"
"44","1993","1","Andhra Pradesh","Srikakulam","328.0"
"44","1994","1","Andhra Pradesh","Srikakulam","375.0"
"44","1995","1","Andhra Pradesh","Srikakulam","362.0"
"44","1996","1","Andhra Pradesh","Srikakulam","406.0"
"44","1997","1","Andhra Pradesh","Srikakulam","437.0"
"44","1998","1","Andhra Pradesh","Srikakulam","475.0"
"44","1999","1","Andhra Pradesh","Srikakulam","523.0"
"44","2000","1","Andhra Pradesh","Srikakulam","512.0"
"44","2001","1","Andhra Pradesh","Srikakulam","527.0"
"44","2002","1","Andhra Pradesh","Srikakulam","542.0"
"44","2003","1","Andhra Pradesh","Srikakulam","527.0"
"44","2004","1","Andhra Pradesh","Srikakulam","564.0"
"44","2005","1","Andhra Pradesh","Srikakulam","580.0"
"44","2006","1","Andhra Pradesh","Srikakulam","603.0"
"44","2007","1","Andhra Pradesh","Srikakulam","702.0"
"44","2008","1","Andhra Pradesh","Srikakulam","875.0"
"44","2009","1","Andhra Pradesh","Srikakulam","988.0"
"44","2010","1","Andhra Pradesh","Srikakulam","996.0"
"44","2011","1","Andhra Pradesh","Srikakulam","1047.0"
"44","2012","1","Andhra Pradesh","Srikakulam","1214.0"
"44","2013","1","Andhra Pradesh","Srikakulam","1302.0"
"44","2014","1","Andhra Pradesh","Srikakulam","1333.0"
"44","2015","1","Andhra Pradesh","Srikakulam","1390.0"
"44","2016","1","Andhra Pradesh","Srikakulam","1446.0"
"45","1966","1","Andhra Pradesh","Visakhapatnam","61.0"
"45","1967","1","Andhra Pradesh","Visakhapatnam","59.8"
"45","1968","1","Andhra Pradesh","Visakhapatnam","62.9"
"45","1969","1","Andhra Pradesh","Visakhapatnam","60.0"
"45","1970","1","Andhra Pradesh","Visakhapatnam","52.2"
"45","1971","1","Andhra Pradesh","Visakhapatnam","60.2"
"45","1972","1","Andhra Pradesh","Visakhapatnam","79.2"
"45","1973","1","Andhra Pradesh","Visakhapatnam","95.5"
"45","1974","1","Andhra Pradesh","Visakhapatnam","111.3"
"45","1975","1","Andhra Pradesh","Visakhapatnam","92.0"
"45","1976","1","Andhra Pradesh","Visakhapatnam","99.0"
"45","1977","1","Andhra Pradesh","Visakhapatnam","84.0"
"45","1978","1","Andhra Pradesh","Visakhapatnam","81.2"
"45","1979","1","Andhra Pradesh","Visakhapatnam","86.3"
"45","1980","1","Andhra Pradesh","Visakhapatnam","87.6"
"45","1981","1","Andhra Pradesh","Visakhapatnam","120.0"
"45","1982","1","Andhra Pradesh","Visakhapatnam","133.6"
"45","1983","1","Andhra Pradesh","Visakhapatnam","141.2"
"45","1984","1","Andhra Pradesh","Visakhapatnam","141.7"
"45","1985","1","Andhra Pradesh","Visakhapatnam","147.8"
"45","1986","1","Andhra Pradesh","Visakhapatnam","181.8"
"45","1987","1","Andhra Pradesh","Visakhapatnam","190.1"
"45","1988","1","Andhra Pradesh","Visakhapatnam","202.5"
"45","1989","1","Andhra Pradesh","Visakhapatnam","189.5"
"45","1990","1","Andhra Pradesh","Visakhapatnam","200.0"
"45","1991","1","Andhra Pradesh","Visakhapatnam","262.0"
"45","1992","1","Andhra Pradesh","Visakhapatnam","284.0"
"45","1993","1","Andhra Pradesh","Visakhapatnam","331.0"
"45","1994","1","Andhra Pradesh","Visakhapatnam","363.0"
"45","1995","1","Andhra Pradesh","Visakhapatnam","395.0"
"45","1996","1","Andhra Pradesh","Visakhapatnam","425.0"
"45","1997","1","Andhra Pradesh","Visakhapatnam","447.0"
"45","1998","1","Andhra Pradesh","Visakhapatnam","469.0"
"45","1999","1","Andhra Pradesh","Visakhapatnam","532.0"
"45","2000","1","Andhra Pradesh","Visakhapatnam","507.0"
"45","2001","1","Andhra Pradesh","Visakhapatnam","542.0"
"45","2002","1","Andhra Pradesh","Visakhapatnam","596.0"
"45","2003","1","Andhra Pradesh","Visakhapatnam","525.0"
"45","2004","1","Andhra Pradesh","Visakhapatnam","549.0"
"45","2005","1","Andhra Pradesh","Visakhapatnam","646.0"
"45","2006","1","Andhra Pradesh","Visakhapatnam","621.0"
"45","2007","1","Andhra Pradesh","Visakhapatnam","695.0"
"45","2008","1","Andhra Pradesh","Visakhapatnam","944.0"
"45","2009","1","Andhra Pradesh","Visakhapatnam","1016.0"
"45","2010","1","Andhra Pradesh","Visakhapatnam","1039.0"
"45","2011","1","Andhra Pradesh","Visakhapatnam","1072.0"
"45","2012","1","Andhra Pradesh","Visakhapatnam","1278.0"
"45","2013","1","Andhra Pradesh","Visakhapatnam","1396.0"
"45","2014","1","Andhra Pradesh","Visakhapatnam","1374.0"
"45","2015","1","Andhra Pradesh","Visakhapatnam","1380.0"
"45","2016","1","Andhra Pradesh","Visakhapatnam","1742.0"
"46","1966","1","Andhra Pradesh","East Godavari","45.5"
"46","1967","1","Andhra Pradesh","East Godavari","55.8"
"46","1968","1","Andhra Pradesh","East Godavari","54.2"
"46","1969","1","Andhra Pradesh","East Godavari","53.2"
"46","1970","1","Andhra Pradesh","East Godavari","56.0"
"46","1971","1","Andhra Pradesh","East Godavari","61.5"
"46","1972","1","Andhra Pradesh","East Godavari","79.5"
"46","1973","1","Andhra Pradesh","East Godavari","84.7"
"46","1974","1","Andhra Pradesh","East Godavari","104.1"
"46","1975","1","Andhra Pradesh","East Godavari","86.5"
"46","1976","1","Andhra Pradesh","East Godavari","94.2"
"46","1977","1","Andhra Pradesh","East Godavari","87.1"
"46","1978","1","Andhra Pradesh","East Godavari","83.3"
"46","1979","1","Andhra Pradesh","East Godavari","97.1"
"46","1980","1","Andhra Pradesh","East Godavari","109.6"
"46","1981","1","Andhra Pradesh","East Godavari","121.4"
"46","1982","1","Andhra Pradesh","East Godavari","132.6"
"46","1983","1","Andhra Pradesh","East Godavari","144.3"
"46","1984","1","Andhra Pradesh","East Godavari","131.0"
"46","1985","1","Andhra Pradesh","East Godavari","143.4"
"46","1986","1","Andhra Pradesh","East Godavari","157.5"
"46","1987","1","Andhra Pradesh","East Godavari","160.0"
"46","1988","1","Andhra Pradesh","East Godavari","186.0"
"46","1989","1","Andhra Pradesh","East Godavari","194.3"
"46","1990","1","Andhra Pradesh","East Godavari","215.0"
"46","1991","1","Andhra Pradesh","East Godavari","272.0"
"46","1992","1","Andhra Pradesh","East Godavari","284.0"
"46","1993","1","Andhra Pradesh","East Godavari","323.0"
"46","1994","1","Andhra Pradesh","East Godavari","385.0"
"46","1995","1","Andhra Pradesh","East Godavari","388.0"
"46","1996","1","Andhra Pradesh","East Godavari","386.0"
"46","1997","1","Andhra Pradesh","East Godavari","455.0"
"46","1998","1","Andhra Pradesh","East Godavari","478.0"
"46","1999","1","Andhra Pradesh","East Godavari","538.0"
"46","2000","1","Andhra Pradesh","East Godavari","516.0"
"46","2001","1","Andhra Pradesh","East Godavari","542.0"
"46","2002","1","Andhra Pradesh","East Godavari","557.0"
"46","2003","1","Andhra Pradesh","East Godavari","570.0"
"46","2004","1","Andhra Pradesh","East Godavari","613.0"
"46","2005","1","Andhra Pradesh","East Godavari","583.0"
"46","2006","1","Andhra Pradesh","East Godavari","649.0"
"46","2007","1","Andhra Pradesh","East Godavari","837.0"
"46","2008","1","Andhra Pradesh","East Godavari","928.0"
"46","2009","1","Andhra Pradesh","East Godavari","1091.0"
"46","2010","1","Andhra Pradesh","East Godavari","1055.0"
"46","2011","1","Andhra Pradesh","East Godavari","1123.0"
"46","2012","1","Andhra Pradesh","East Godavari","1277.0"
"46","2013","1","Andhra Pradesh","East Godavari","1324.0"
"46","2014","1","Andhra Pradesh","East Godavari","1322.0"
"46","2015","1","Andhra Pradesh","East Godavari","1376.0"
"46","2016","1","Andhra Pradesh","East Godavari","1487.0"
"47","1966","1","Andhra Pradesh","West Godavari","46.9"
"47","1967","1","Andhra Pradesh","West Godavari","53.3"
"47","1968","1","Andhra Pradesh","West Godavari","56.8"
"47","1969","1","Andhra Pradesh","West Godavari","58.2"
"47","1970","1","Andhra Pradesh","West Godavari","55.4"
"47","1971","1","Andhra Pradesh","West Godavari","65.1"
"47","1972","1","Andhra Pradesh","West Godavari","75.2"
"47","1973","1","Andhra Pradesh","West Godavari","81.3"
"47","1974","1","Andhra Pradesh","West Godavari","101.5"
"47","1975","1","Andhra Pradesh","West Godavari","84.4"
"47","1976","1","Andhra Pradesh","West Godavari","92.7"
"47","1977","1","Andhra Pradesh","West Godavari","88.2"
"47","1978","1","Andhra Pradesh","West Godavari","85.6"
"47","1979","1","Andhra Pradesh","West Godavari","99.8"
"47","1980","1","Andhra Pradesh","West Godavari","112.5"
"47","1981","1","Andhra Pradesh","West Godavari","124.1"
"47","1982","1","Andhra Pradesh","West Godavari","137.2"
"47","1983","1","Andhra Pradesh","West Godavari","147.4"
"47","1984","1","Andhra Pradesh","West Godavari","138.1"
"47","1985","1","Andhra Pradesh","West Godavari","149.6"
"47","1986","1","Andhra Pradesh","West Godavari","157.5"
"47","1987","1","Andhra Pradesh","West Godavari","160.0"
"47","1988","1","Andhra Pradesh","West Godavari","193.3"
"47","1989","1","Andhra Pradesh","West Godavari","194.3"
"47","1990","1","Andhra Pradesh","West Godavari","216.0"
"47","1991","1","Andhra Pradesh","West Godavari","246.0"
"47","1992","1","Andhra Pradesh","West Godavari","278.0"
"47","1993","1","Andhra Pradesh","West Godavari","330.0"
"47","1994","1","Andhra Pradesh","West Godavari","370.0"
"47","1995","1","Andhra Pradesh","West Godavari","385.0"
"47","1996","1","Andhra Pradesh","West Godavari","393.0"
"47","1997","1","Andhra Pradesh","West Godavari","421.0"
"47","1998","1","Andhra Pradesh","West Godavari","467.0"
"47","1999","1","Andhra Pradesh","West Godavari","533.0"
"47","2000","1","Andhra Pradesh","West Godavari","496.0"
"47","2001","1","Andhra Pradesh","West Godavari","523.0"
"47","2002","1","Andhra Pradesh","West Godavari","552.0"
"47","2003","1","Andhra Pradesh","West Godavari","560.0"
"47","2004","1","Andhra Pradesh","West Godavari","584.0"
"47","2005","1","Andhra Pradesh","West Godavari","589.0"
"47","2006","1","Andhra Pradesh","West Godavari","627.0"
"47","2007","1","Andhra Pradesh","West Godavari","774.0"
"47","2008","1","Andhra Pradesh","West Godavari","909.0"
"47","2009","1","Andhra Pradesh","West Godavari","1010.0"
"47","2010","1","Andhra Pradesh","West Godavari","905.0"
"47","2011","1","Andhra Pradesh","West Godavari","1052.0"
"47","2012","1","Andhra Pradesh","West Godavari","1238.0"
"47","2013","1","Andhra Pradesh","West Godavari","1261.0"
"47","2014","1","Andhra Pradesh","West Godavari","1364.0"
"47","2015","1","Andhra Pradesh","West Godavari","1412.0"
"47","2016","1","Andhra Pradesh","West Godavari","1420.0"
"48","1966","1","Andhra Pradesh","Krishna","43.2"
"48","1967","1","Andhra Pradesh","Krishna","54.9"
"48","1968","1","Andhra Pradesh","Krishna","54.6"
"48","1969","1","Andhra Pradesh","Krishna","50.9"
"48","1970","1","Andhra Pradesh","Krishna","55.4"
"48","1971","1","Andhra Pradesh","Krishna","53.8"
"48","1972","1","Andhra Pradesh","Krishna","71.9"
"48","1973","1","Andhra Pradesh","Krishna","88.4"
"48","1974","1","Andhra Pradesh","Krishna","106.3"
"48","1975","1","Andhra Pradesh","Krishna","88.2"
"48","1976","1","Andhra Pradesh","Krishna","87.1"
"48","1977","1","Andhra Pradesh","Krishna","85.4"
"48","1978","1","Andhra Pradesh","Krishna","81.2"
"48","1979","1","Andhra Pradesh","Krishna","90.0"
"48","1980","1","Andhra Pradesh","Krishna","116.0"
"48","1981","1","Andhra Pradesh","Krishna","124.5"
"48","1982","1","Andhra Pradesh","Krishna","133.3"
"48","1983","1","Andhra Pradesh","Krishna","145.7"
"48","1984","1","Andhra Pradesh","Krishna","126.9"
"48","1985","1","Andhra Pradesh","Krishna","144.8"
"48","1986","1","Andhra Pradesh","Krishna","149.5"
"48","1987","1","Andhra Pradesh","Krishna","161.6"
"48","1988","1","Andhra Pradesh","Krishna","195.6"
"48","1989","1","Andhra Pradesh","Krishna","197.9"
"48","1990","1","Andhra Pradesh","Krishna","222.0"
"48","1991","1","Andhra Pradesh","Krishna","290.0"
"48","1992","1","Andhra Pradesh","Krishna","289.0"
"48","1993","1","Andhra Pradesh","Krishna","333.0"
"48","1994","1","Andhra Pradesh","Krishna","381.0"
"48","1995","1","Andhra Pradesh","Krishna","419.0"
"48","1996","1","Andhra Pradesh","Krishna","396.0"
"48","1997","1","Andhra Pradesh","Krishna","435.0"
"48","1998","1","Andhra Pradesh","Krishna","485.0"
"48","1999","1","Andhra Pradesh","Krishna","513.0"
"48","2000","1","Andhra Pradesh","Krishna","504.0"
"48","2001","1","Andhra Pradesh","Krishna","513.0"
"48","2002","1","Andhra Pradesh","Krishna","594.0"
"48","2003","1","Andhra Pradesh","Krishna","554.0"
"48","2004","1","Andhra Pradesh","Krishna","589.0"
"48","2005","1","Andhra Pradesh","Krishna","577.0"
"48","2006","1","Andhra Pradesh","Krishna","652.0"
"48","2007","1","Andhra Pradesh","Krishna","788.0"
"48","2008","1","Andhra Pradesh","Krishna","925.0"
"48","2009","1","Andhra Pradesh","Krishna","1108.0"
"48","2010","1","Andhra Pradesh","Krishna","1036.0"
"48","2011","1","Andhra Pradesh","Krishna","1110.0"
"48","2012","1","Andhra Pradesh","Krishna","1443.0"
"48","2013","1","Andhra Pradesh","Krishna","1410.0"
"48","2014","1","Andhra Pradesh","Krishna","1379.0"
"48","2015","1","Andhra Pradesh","Krishna","1601.0"
"48","2016","1","Andhra Pradesh","Krishna","1733.0"
"49","1966","1","Andhra Pradesh","Guntur","50.1"
"49","1967","1","Andhra Pradesh","Guntur","62.2"
"49","1968","1","Andhra Pradesh","Guntur","55.5"
"49","1969","1","Andhra Pradesh","Guntur","56.3"
"49","1970","1","Andhra Pradesh","Guntur","55.0"
"49","1971","1","Andhra Pradesh","Guntur","65.5"
"49","1972","1","Andhra Pradesh","Guntur","66.4"
"49","1973","1","Andhra Pradesh","Guntur","89.5"
"49","1974","1","Andhra Pradesh","Guntur","107.5"
"49","1975","1","Andhra Pradesh","Guntur","90.9"
"49","1976","1","Andhra Pradesh","Guntur","94.5"
"49","1977","1","Andhra Pradesh","Guntur","86.0"
"49","1978","1","Andhra Pradesh","Guntur","80.1"
"49","1979","1","Andhra Pradesh","Guntur","92.3"
"49","1980","1","Andhra Pradesh","Guntur","113.0"
"49","1981","1","Andhra Pradesh","Guntur","123.0"
"49","1982","1","Andhra Pradesh","Guntur","134.0"
"49","1983","1","Andhra Pradesh","Guntur","155.9"
"49","1984","1","Andhra Pradesh","Guntur","139.0"
"49","1985","1","Andhra Pradesh","Guntur","163.0"
"49","1986","1","Andhra Pradesh","Guntur","162.0"
"49","1987","1","Andhra Pradesh","Guntur","187.0"
"49","1988","1","Andhra Pradesh","Guntur","203.0"
"49","1989","1","Andhra Pradesh","Guntur","195.0"
"49","1990","1","Andhra Pradesh","Guntur","216.0"
"49","1991","1","Andhra Pradesh","Guntur","310.0"
"49","1992","1","Andhra Pradesh","Guntur","304.0"
"49","1993","1","Andhra Pradesh","Guntur","347.0"
"49","1994","1","Andhra Pradesh","Guntur","396.0"
"49","1995","1","Andhra Pradesh","Guntur","479.0"
"49","1996","1","Andhra Pradesh","Guntur","453.0"
"49","1997","1","Andhra Pradesh","Guntur","464.0"
"49","1998","1","Andhra Pradesh","Guntur","518.0"
"49","1999","1","Andhra Pradesh","Guntur","519.0"
"49","2000","1","Andhra Pradesh","Guntur","493.0"
"49","2001","1","Andhra Pradesh","Guntur","564.0"
"49","2002","1","Andhra Pradesh","Guntur","627.0"
"49","2003","1","Andhra Pradesh","Guntur","546.0"
"49","2004","1","Andhra Pradesh","Guntur","629.0"
"49","2005","1","Andhra Pradesh","Guntur","688.0"
"49","2006","1","Andhra Pradesh","Guntur","676.0"
"49","2007","1","Andhra Pradesh","Guntur","768.0"
"49","2008","1","Andhra Pradesh","Guntur","1055.0"
"49","2009","1","Andhra Pradesh","Guntur","1279.0"
"49","2010","1","Andhra Pradesh","Guntur","1101.0"
"49","2011","1","Andhra Pradesh","Guntur","1038.0"
"49","2012","1","Andhra Pradesh","Guntur","1743.0"
"49","2013","1","Andhra Pradesh","Guntur","1654.0"
"49","2014","1","Andhra Pradesh","Guntur","1572.0"
"49","2015","1","Andhra Pradesh","Guntur","1812.0"
"49","2016","1","Andhra Pradesh","Guntur","1788.0"
"50","1966","1","Andhra Pradesh","S.P.S. Nellore","49.9"
"50","1967","1","Andhra Pradesh","S.P.S. Nellore","55.1"
"50","1968","1","Andhra Pradesh","S.P.S. Nellore","59.8"
"50","1969","1","Andhra Pradesh","S.P.S. Nellore","65.1"
"50","1970","1","Andhra Pradesh","S.P.S. Nellore","69.3"
"50","1971","1","Andhra Pradesh","S.P.S. Nellore","73.2"
"50","1972","1","Andhra Pradesh","S.P.S. Nellore","71.2"
"50","1973","1","Andhra Pradesh","S.P.S. Nellore","92.5"
"50","1974","1","Andhra Pradesh","S.P.S. Nellore","126.6"
"50","1975","1","Andhra Pradesh","S.P.S. Nellore","87.7"
"50","1976","1","Andhra Pradesh","S.P.S. Nellore","100.1"
"50","1977","1","Andhra Pradesh","S.P.S. Nellore","97.8"
"50","1978","1","Andhra Pradesh","S.P.S. Nellore","89.7"
"50","1979","1","Andhra Pradesh","S.P.S. Nellore","-1.0"
"50","1980","1","Andhra Pradesh","S.P.S. Nellore","124.5"
"50","1981","1","Andhra Pradesh","S.P.S. Nellore","140.0"
"50","1982","1","Andhra Pradesh","S.P.S. Nellore","151.0"
"50","1983","1","Andhra Pradesh","S.P.S. Nellore","158.5"
"50","1984","1","Andhra Pradesh","S.P.S. Nellore","147.5"
"50","1985","1","Andhra Pradesh","S.P.S. Nellore","151.0"
"50","1986","1","Andhra Pradesh","S.P.S. Nellore","164.5"
"50","1987","1","Andhra Pradesh","S.P.S. Nellore","195.5"
"50","1988","1","Andhra Pradesh","S.P.S. Nellore","208.6"
"50","1989","1","Andhra Pradesh","S.P.S. Nellore","203.3"
"50","1990","1","Andhra Pradesh","S.P.S. Nellore","224.0"
"50","1991","1","Andhra Pradesh","S.P.S. Nellore","296.0"
"50","1992","1","Andhra Pradesh","S.P.S. Nellore","299.0"
"50","1993","1","Andhra Pradesh","S.P.S. Nellore","312.0"
"50","1994","1","Andhra Pradesh","S.P.S. Nellore","366.0"
"50","1995","1","Andhra Pradesh","S.P.S. Nellore","392.0"
"50","1996","1","Andhra Pradesh","S.P.S. Nellore","401.0"
"50","1997","1","Andhra Pradesh","S.P.S. Nellore","412.0"
"50","1998","1","Andhra Pradesh","S.P.S. Nellore","-1.0"
"50","1999","1","Andhra Pradesh","S.P.S. Nellore","531.0"
"50","2000","1","Andhra Pradesh","S.P.S. Nellore","481.0"
"50","2001","1","Andhra Pradesh","S.P.S. Nellore","519.0"
"50","2002","1","Andhra Pradesh","S.P.S. Nellore","578.0"
"50","2003","1","Andhra Pradesh","S.P.S. Nellore","633.0"
"50","2004","1","Andhra Pradesh","S.P.S. Nellore","581.0"
"50","2005","1","Andhra Pradesh","S.P.S. Nellore","601.0"
"50","2006","1","Andhra Pradesh","S.P.S. Nellore","584.0"
"50","2007","1","Andhra Pradesh","S.P.S. Nellore","668.0"
"50","2008","1","Andhra Pradesh","S.P.S. Nellore","861.0"
"50","2009","1","Andhra Pradesh","S.P.S. Nellore","997.0"
"50","2010","1","Andhra Pradesh","S.P.S. Nellore","907.0"
"50","2011","1","Andhra Pradesh","S.P.S. Nellore","1021.0"
"50","2012","1","Andhra Pradesh","S.P.S. Nellore","1375.0"
"50","2013","1","Andhra Pradesh","S.P.S. Nellore","1444.0"
"50","2014","1","Andhra Pradesh","S.P.S. Nellore","1526.0"
"50","2015","1","Andhra Pradesh","S.P.S. Nellore","1577.0"
"50","2016","1","Andhra Pradesh","S.P.S. Nellore","1446.0"
"51","1966","1","Andhra Pradesh","Kurnool","46.3"
"51","1967","1","Andhra Pradesh","Kurnool","52.8"
"51","1968","1","Andhra Pradesh","Kurnool","58.5"
"51","1969","1","Andhra Pradesh","Kurnool","53.5"
"51","1970","1","Andhra Pradesh","Kurnool","58.0"
"51","1971","1","Andhra Pradesh","Kurnool","68.8"
"51","1972","1","Andhra Pradesh","Kurnool","83.1"
"51","1973","1","Andhra Pradesh","Kurnool","98.0"
"51","1974","1","Andhra Pradesh","Kurnool","127.0"
"51","1975","1","Andhra Pradesh","Kurnool","84.0"
"51","1976","1","Andhra Pradesh","Kurnool","100.0"
"51","1977","1","Andhra Pradesh","Kurnool","84.5"
"51","1978","1","Andhra Pradesh","Kurnool","82.6"
"51","1979","1","Andhra Pradesh","Kurnool","96.5"
"51","1980","1","Andhra Pradesh","Kurnool","125.0"
"51","1981","1","Andhra Pradesh","Kurnool","127.8"
"51","1982","1","Andhra Pradesh","Kurnool","132.6"
"51","1983","1","Andhra Pradesh","Kurnool","146.9"
"51","1984","1","Andhra Pradesh","Kurnool","143.5"
"51","1985","1","Andhra Pradesh","Kurnool","153.0"
"51","1986","1","Andhra Pradesh","Kurnool","161.5"
"51","1987","1","Andhra Pradesh","Kurnool","161.5"
"51","1988","1","Andhra Pradesh","Kurnool","222.0"
"51","1989","1","Andhra Pradesh","Kurnool","221.5"
"51","1990","1","Andhra Pradesh","Kurnool","240.0"
"51","1991","1","Andhra Pradesh","Kurnool","335.0"
"51","1992","1","Andhra Pradesh","Kurnool","325.0"
"51","1993","1","Andhra Pradesh","Kurnool","411.0"
"51","1994","1","Andhra Pradesh","Kurnool","457.0"
"51","1995","1","Andhra Pradesh","Kurnool","479.0"
"51","1996","1","Andhra Pradesh","Kurnool","471.0"
"51","1997","1","Andhra Pradesh","Kurnool","495.0"
"51","1998","1","Andhra Pradesh","Kurnool","-1.0"
"51","1999","1","Andhra Pradesh","Kurnool","628.0"
"51","2000","1","Andhra Pradesh","Kurnool","502.0"
"51","2001","1","Andhra Pradesh","Kurnool","675.0"
"51","2002","1","Andhra Pradesh","Kurnool","803.0"
"51","2003","1","Andhra Pradesh","Kurnool","756.0"
"51","2004","1","Andhra Pradesh","Kurnool","677.0"
"51","2005","1","Andhra Pradesh","Kurnool","661.0"
"51","2006","1","Andhra Pradesh","Kurnool","690.0"
"51","2007","1","Andhra Pradesh","Kurnool","804.0"
"51","2008","1","Andhra Pradesh","Kurnool","1165.0"
"51","2009","1","Andhra Pradesh","Kurnool","1175.0"
"51","2010","1","Andhra Pradesh","Kurnool","981.0"
"51","2011","1","Andhra Pradesh","Kurnool","1143.0"
"51","2012","1","Andhra Pradesh","Kurnool","2032.0"
"51","2013","1","Andhra Pradesh","Kurnool","1595.0"
"51","2014","1","Andhra Pradesh","Kurnool","1508.0"
"51","2015","1","Andhra Pradesh","Kurnool","1890.0"
"51","2016","1","Andhra Pradesh","Kurnool","1860.0"
"52","1966","1","Andhra Pradesh","Ananthapur","66.4"
"52","1967","1","Andhra Pradesh","Ananthapur","92.3"
"52","1968","1","Andhra Pradesh","Ananthapur","60.0"
"52","1969","1","Andhra Pradesh","Ananthapur","56.4"
"52","1970","1","Andhra Pradesh","Ananthapur","67.0"
"52","1971","1","Andhra Pradesh","Ananthapur","70.0"
"52","1972","1","Andhra Pradesh","Ananthapur","80.9"
"52","1973","1","Andhra Pradesh","Ananthapur","105.0"
"52","1974","1","Andhra Pradesh","Ananthapur","125.7"
"52","1975","1","Andhra Pradesh","Ananthapur","85.6"
"52","1976","1","Andhra Pradesh","Ananthapur","106.5"
"52","1977","1","Andhra Pradesh","Ananthapur","102.3"
"52","1978","1","Andhra Pradesh","Ananthapur","98.9"
"52","1979","1","Andhra Pradesh","Ananthapur","109.0"
"52","1980","1","Andhra Pradesh","Ananthapur","132.0"
"52","1981","1","Andhra Pradesh","Ananthapur","130.7"
"52","1982","1","Andhra Pradesh","Ananthapur","148.8"
"52","1983","1","Andhra Pradesh","Ananthapur","158.8"
"52","1984","1","Andhra Pradesh","Ananthapur","161.5"
"52","1985","1","Andhra Pradesh","Ananthapur","165.1"
"52","1986","1","Andhra Pradesh","Ananthapur","183.7"
"52","1987","1","Andhra Pradesh","Ananthapur","193.9"
"52","1988","1","Andhra Pradesh","Ananthapur","192.1"
"52","1989","1","Andhra Pradesh","Ananthapur","187.5"
"52","1990","1","Andhra Pradesh","Ananthapur","221.0"
"52","1991","1","Andhra Pradesh","Ananthapur","314.0"
"52","1992","1","Andhra Pradesh","Ananthapur","342.0"
"52","1993","1","Andhra Pradesh","Ananthapur","367.0"
"52","1994","1","Andhra Pradesh","Ananthapur","421.0"
"52","1995","1","Andhra Pradesh","Ananthapur","451.0"
"52","1996","1","Andhra Pradesh","Ananthapur","453.0"
"52","1997","1","Andhra Pradesh","Ananthapur","484.0"
"52","1998","1","Andhra Pradesh","Ananthapur","-1.0"
"52","1999","1","Andhra Pradesh","Ananthapur","615.0"
"52","2000","1","Andhra Pradesh","Ananthapur","471.0"
"52","2001","1","Andhra Pradesh","Ananthapur","568.0"
"52","2002","1","Andhra Pradesh","Ananthapur","717.0"
"52","2003","1","Andhra Pradesh","Ananthapur","647.0"
"52","2004","1","Andhra Pradesh","Ananthapur","669.0"
"52","2005","1","Andhra Pradesh","Ananthapur","632.0"
"52","2006","1","Andhra Pradesh","Ananthapur","707.0"
"52","2007","1","Andhra Pradesh","Ananthapur","836.0"
"52","2008","1","Andhra Pradesh","Ananthapur","995.0"
"52","2009","1","Andhra Pradesh","Ananthapur","1583.0"
"52","2010","1","Andhra Pradesh","Ananthapur","935.0"
"52","2011","1","Andhra Pradesh","Ananthapur","1124.0"
"52","2012","1","Andhra Pradesh","Ananthapur","1733.0"
"52","2013","1","Andhra Pradesh","Ananthapur","1568.0"
"52","2014","1","Andhra Pradesh","Ananthapur","1494.0"
"52","2015","1","Andhra Pradesh","Ananthapur","1878.0"
"52","2016","1","Andhra Pradesh","Ananthapur","2036.0"
"53","1966","1","Andhra Pradesh","Kadapa YSR","51.4"
"53","1967","1","Andhra Pradesh","Kadapa YSR","67.5"
"53","1968","1","Andhra Pradesh","Kadapa YSR","62.4"
"53","1969","1","Andhra Pradesh","Kadapa YSR","59.1"
"53","1970","1","Andhra Pradesh","Kadapa YSR","67.1"
"53","1971","1","Andhra Pradesh","Kadapa YSR","70.1"
"53","1972","1","Andhra Pradesh","Kadapa YSR","86.9"
"53","1973","1","Andhra Pradesh","Kadapa YSR","93.0"
"53","1974","1","Andhra Pradesh","Kadapa YSR","137.0"
"53","1975","1","Andhra Pradesh","Kadapa YSR","84.2"
"53","1976","1","Andhra Pradesh","Kadapa YSR","114.7"
"53","1977","1","Andhra Pradesh","Kadapa YSR","100.1"
"53","1978","1","Andhra Pradesh","Kadapa YSR","90.1"
"53","1979","1","Andhra Pradesh","Kadapa YSR","107.8"
"53","1980","1","Andhra Pradesh","Kadapa YSR","134.7"
"53","1981","1","Andhra Pradesh","Kadapa YSR","137.3"
"53","1982","1","Andhra Pradesh","Kadapa YSR","134.5"
"53","1983","1","Andhra Pradesh","Kadapa YSR","149.3"
"53","1984","1","Andhra Pradesh","Kadapa YSR","111.5"
"53","1985","1","Andhra Pradesh","Kadapa YSR","162.6"
"53","1986","1","Andhra Pradesh","Kadapa YSR","173.0"
"53","1987","1","Andhra Pradesh","Kadapa YSR","202.9"
"53","1988","1","Andhra Pradesh","Kadapa YSR","210.4"
"53","1989","1","Andhra Pradesh","Kadapa YSR","204.9"
"53","1990","1","Andhra Pradesh","Kadapa YSR","216.0"
"53","1991","1","Andhra Pradesh","Kadapa YSR","318.0"
"53","1992","1","Andhra Pradesh","Kadapa YSR","326.0"
"53","1993","1","Andhra Pradesh","Kadapa YSR","333.0"
"53","1994","1","Andhra Pradesh","Kadapa YSR","406.0"
"53","1995","1","Andhra Pradesh","Kadapa YSR","412.0"
"53","1996","1","Andhra Pradesh","Kadapa YSR","408.0"
"53","1997","1","Andhra Pradesh","Kadapa YSR","427.0"
"53","1998","1","Andhra Pradesh","Kadapa YSR","-1.0"
"53","1999","1","Andhra Pradesh","Kadapa YSR","628.0"
"53","2000","1","Andhra Pradesh","Kadapa YSR","512.0"
"53","2001","1","Andhra Pradesh","Kadapa YSR","640.0"
"53","2002","1","Andhra Pradesh","Kadapa YSR","715.0"
"53","2003","1","Andhra Pradesh","Kadapa YSR","703.0"
"53","2004","1","Andhra Pradesh","Kadapa YSR","660.0"
"53","2005","1","Andhra Pradesh","Kadapa YSR","663.0"
"53","2006","1","Andhra Pradesh","Kadapa YSR","716.0"
"53","2007","1","Andhra Pradesh","Kadapa YSR","747.0"
"53","2008","1","Andhra Pradesh","Kadapa YSR","1109.0"
"53","2009","1","Andhra Pradesh","Kadapa YSR","1352.0"
"53","2010","1","Andhra Pradesh","Kadapa YSR","1022.0"
"53","2011","1","Andhra Pradesh","Kadapa YSR","1048.0"
"53","2012","1","Andhra Pradesh","Kadapa YSR","1791.0"
"53","2013","1","Andhra Pradesh","Kadapa YSR","1627.0"
"53","2014","1","Andhra Pradesh","Kadapa YSR","1611.0"
"53","2015","1","Andhra Pradesh","Kadapa YSR","1917.0"
"53","2016","1","Andhra Pradesh","Kadapa YSR","1770.0"
"54","1966","1","Andhra Pradesh","Chittoor","53.2"
"54","1967","1","Andhra Pradesh","Chittoor","60.9"
"54","1968","1","Andhra Pradesh","Chittoor","62.0"
"54","1969","1","Andhra Pradesh","Chittoor","61.9"
"54","1970","1","Andhra Pradesh","Chittoor","62.3"
"54","1971","1","Andhra Pradesh","Chittoor","74.3"
"54","1972","1","Andhra Pradesh","Chittoor","81.8"
"54","1973","1","Andhra Pradesh","Chittoor","98.3"
"54","1974","1","Andhra Pradesh","Chittoor","140.6"
"54","1975","1","Andhra Pradesh","Chittoor","91.6"
"54","1976","1","Andhra Pradesh","Chittoor","97.7"
"54","1977","1","Andhra Pradesh","Chittoor","101.9"
"54","1978","1","Andhra Pradesh","Chittoor","90.8"
"54","1979","1","Andhra Pradesh","Chittoor","106.6"
"54","1980","1","Andhra Pradesh","Chittoor","144.2"
"54","1981","1","Andhra Pradesh","Chittoor","140.0"
"54","1982","1","Andhra Pradesh","Chittoor","173.1"
"54","1983","1","Andhra Pradesh","Chittoor","162.3"
"54","1984","1","Andhra Pradesh","Chittoor","151.3"
"54","1985","1","Andhra Pradesh","Chittoor","162.1"
"54","1986","1","Andhra Pradesh","Chittoor","175.6"
"54","1987","1","Andhra Pradesh","Chittoor","188.1"
"54","1988","1","Andhra Pradesh","Chittoor","213.2"
"54","1989","1","Andhra Pradesh","Chittoor","205.7"
"54","1990","1","Andhra Pradesh","Chittoor","225.0"
"54","1991","1","Andhra Pradesh","Chittoor","289.0"
"54","1992","1","Andhra Pradesh","Chittoor","303.0"
"54","1993","1","Andhra Pradesh","Chittoor","327.0"
"54","1994","1","Andhra Pradesh","Chittoor","372.0"
"54","1995","1","Andhra Pradesh","Chittoor","414.0"
"54","1996","1","Andhra Pradesh","Chittoor","410.0"
"54","1997","1","Andhra Pradesh","Chittoor","452.0"
"54","1998","1","Andhra Pradesh","Chittoor","488.0"
"54","1999","1","Andhra Pradesh","Chittoor","629.0"
"54","2000","1","Andhra Pradesh","Chittoor","485.0"
"54","2001","1","Andhra Pradesh","Chittoor","603.0"
"54","2002","1","Andhra Pradesh","Chittoor","635.0"
"54","2003","1","Andhra Pradesh","Chittoor","630.0"
"54","2004","1","Andhra Pradesh","Chittoor","586.0"
"54","2005","1","Andhra Pradesh","Chittoor","624.0"
"54","2006","1","Andhra Pradesh","Chittoor","707.0"
"54","2007","1","Andhra Pradesh","Chittoor","698.0"
"54","2008","1","Andhra Pradesh","Chittoor","874.0"
"54","2009","1","Andhra Pradesh","Chittoor","1060.0"
"54","2010","1","Andhra Pradesh","Chittoor","992.0"
"54","2011","1","Andhra Pradesh","Chittoor","945.0"
"54","2012","1","Andhra Pradesh","Chittoor","1352.0"
"54","2013","1","Andhra Pradesh","Chittoor","1300.0"
"54","2014","1","Andhra Pradesh","Chittoor","1291.0"
"54","2015","1","Andhra Pradesh","Chittoor","1389.0"
"54","2016","1","Andhra Pradesh","Chittoor","1339.0"