"Dist Code","Year","State Code","State Name","Dist Name","RICE AREA (1000 ha)","RICE PRODUCTION (1000 tons)","RICE YIELD (Kg per ha)"
"44","1990","1","Andhra Pradesh","Srikakulam","214.46","355.73","1659.0"
"44","1991","1","Andhra Pradesh","Srikakulam","212.56","496.53","2336.0"
"44","1992","1","Andhra Pradesh","Srikakulam","215.18","483.62","2248.0"
"44","1993","1","Andhra Pradesh","Srikakulam","192.0","391.0","2036.0"
"44","1994","1","Andhra Pradesh","Srikakulam","207.0","392.0","1894.0"
"44","1995","1","Andhra Pradesh","Srikakulam","221.0","417.0","1887.0"
"44","1996","1","Andhra Pradesh","Srikakulam","184.0","330.0","1793.0"
"44","1997","1","Andhra Pradesh","Srikakulam","187.0","280.0","1497.0"
"44","1998","1","Andhra Pradesh","Srikakulam","196.0","378.0","1929.0"
"44","1999","1","Andhra Pradesh","Srikakulam","190.73","329.39","1727.0"
"44","2000","1","Andhra Pradesh","Srikakulam","208.56","401.17","1924.0"
"44","2001","1","Andhra Pradesh","Srikakulam","180.36","397.25","2203.0"
"44","2002","1","Andhra Pradesh","Srikakulam","154.0","270.0","1753.0"
"44","2003","1","Andhra Pradesh","Srikakulam","190.42","426.3","2239.0"
"44","2004","1","Andhra Pradesh","Srikakulam","192.99","454.3","2354.0"
"44","2005","1","Andhra Pradesh","Srikakulam","157.76","281.53","1785.0"
"44","2006","1","Andhra Pradesh","Srikakulam","197.42","499.0","2528.0"
"44","2007","1","Andhra Pradesh","Srikakulam","203.37","619.23","3045.0"
"44","2008","1","Andhra Pradesh","Srikakulam","205.84","414.57","2014.0"
"44","2009","1","Andhra Pradesh","Srikakulam","179.77","378.23","2104.0"
"44","2010","1","Andhra Pradesh","Srikakulam","212.95","184.3","865.0"
"44","2011","1","Andhra Pradesh","Srikakulam","210.42","403.83","1919.0"
"44","2012","1","Andhra Pradesh","Srikakulam","208.74","528.68","2533.0"
"44","2013","1","Andhra Pradesh","Srikakulam","203.14","355.27","1749.0"
"44","2014","1","Andhra Pradesh","Srikakulam","210.22","447.67","2130.0"
"44","2015","1","Andhra Pradesh","Srikakulam","206.79","477.89","2311.0"
"44","2016","1","Andhra Pradesh","Srikakulam","205.76","611.7","2973.0"
"44","2017","1","Andhra Pradesh","Srikakulam","214.73","543.42","2531.0"
"45","1990","1","Andhra Pradesh","Visakhapatnam","117.2","182.97","1561.0"
"45","1991","1","Andhra Pradesh","Visakhapatnam","106.86","144.95","1356.0"
"45","1992","1","Andhra Pradesh","Visakhapatnam","118.58","221.57","1869.0"
"45","1993","1","Andhra Pradesh","Visakhapatnam","98.0","113.0","1153.0"
"45","1994","1","Andhra Pradesh","Visakhapatnam","104.0","130.0","1250.0"
"45","1995","1","Andhra Pradesh","Visakhapatnam","119.0","214.0","1798.0"
"45","1996","1","Andhra Pradesh","Visakhapatnam","121.0","210.0","1736.0"
"45","1997","1","Andhra Pradesh","Visakhapatnam","99.0","89.0","899.0"
"45","1998","1","Andhra Pradesh","Visakhapatnam","119.0","155.0","1303.0"
"45","1999","1","Andhra Pradesh","Visakhapatnam","106.43","144.85","1361.0"
"45","2000","1","Andhra Pradesh","Visakhapatnam","118.21","190.03","1608.0"
"45","2001","1","Andhra Pradesh","Visakhapatnam","90.32","152.61","1690.0"
"45","2002","1","Andhra Pradesh","Visakhapatnam","64.0","64.0","1000.0"
"45","2003","1","Andhra Pradesh","Visakhapatnam","88.64","144.65","1632.0"
"45","2004","1","Andhra Pradesh","Visakhapatnam","97.81","164.47","1682.0"
"45","2005","1","Andhra Pradesh","Visakhapatnam","88.63","132.08","1490.0"
"45","2006","1","Andhra Pradesh","Visakhapatnam","95.75","183.37","1915.0"
"45","2007","1","Andhra Pradesh","Visakhapatnam","99.25","200.92","2024.0"
"45","2008","1","Andhra Pradesh","Visakhapatnam","102.06","172.34","1689.0"
"45","2009","1","Andhra Pradesh","Visakhapatnam","68.42","73.62","1076.0"
"45","2010","1","Andhra Pradesh","Visakhapatnam","117.55","201.76","1716.0"
"45","2011","1","Andhra Pradesh","Visakhapatnam","112.12","169.74","1514.0"
"45","2012","1","Andhra Pradesh","Visakhapatnam","103.76","151.81","1463.0"
"45","2013","1","Andhra Pradesh","Visakhapatnam","105.4","184.66","1752.0"
"45","2014","1","Andhra Pradesh","Visakhapatnam","105.43","177.81","1687.0"
"45","2015","1","Andhra Pradesh","Visakhapatnam","107.61","230.26","2140.0"
"45","2016","1","Andhra Pradesh","Visakhapatnam","109.92","246.56","2243.0"
"45","2017","1","Andhra Pradesh","Visakhapatnam","108.96","228.88","2101.0"
"46","1990","1","Andhra Pradesh","East Godavari","382.75","752.53","1966.0"
"46","1991","1","Andhra Pradesh","East Godavari","374.24","841.03","2247.0"
"46","1992","1","Andhra Pradesh","East Godavari","358.61","921.52","2570.0"
"46","1993","1","Andhra Pradesh","East Godavari","395.0","1211.0","3066.0"
"46","1994","1","Andhra Pradesh","East Godavari","400.0","1005.0","2513.0"
"46","1995","1","Andhra Pradesh","East Godavari","418.0","1140.0","2727.0"
"46","1996","1","Andhra Pradesh","East Godavari","422.0","1017.0","2410.0"
"46","1997","1","Andhra Pradesh","East Godavari","368.0","921.0","2503.0"
"46","1998","1","Andhra Pradesh","East Godavari","414.0","1044.0","2522.0"
"46","1999","1","Andhra Pradesh","East Godavari","406.21","1273.77","3136.0"
"46","2000","1","Andhra Pradesh","East Godavari","416.83","1366.63","3279.0"
"46","2001","1","Andhra Pradesh","East Godavari","386.59","1330.0","3440.0"
"46","2002","1","Andhra Pradesh","East Godavari","301.0","1043.0","3465.0"
"46","2003","1","Andhra Pradesh","East Godavari","399.99","1631.55","4079.0"
"46","2004","1","Andhra Pradesh","East Godavari","387.42","1509.91","3897.0"
"46","2005","1","Andhra Pradesh","East Godavari","387.42","1149.65","2967.0"
"46","2006","1","Andhra Pradesh","East Godavari","396.89","1393.55","3511.0"
"46","2007","1","Andhra Pradesh","East Godavari","410.78","1518.59","3697.0"
"46","2008","1","Andhra Pradesh","East Godavari","410.09","1513.26","3690.0"
"46","2009","1","Andhra Pradesh","East Godavari","306.58","1073.1","3500.0"
"46","2010","1","Andhra Pradesh","East Godavari","410.53","1357.62","3307.0"
"46","2011","1","Andhra Pradesh","East Godavari","337.09","1176.83","3491.0"
"46","2012","1","Andhra Pradesh","East Godavari","401.06","1101.91","2747.0"
"46","2013","1","Andhra Pradesh","East Godavari","404.68","1211.71","2994.0"
"46","2014","1","Andhra Pradesh","East Godavari","394.12","1563.23","3966.0"
"46","2015","1","Andhra Pradesh","East Godavari","381.74","1445.57","3787.0"
"46","2016","1","Andhra Pradesh","East Godavari","383.96","1627.03","4238.0"
"46","2017","1","Andhra Pradesh","East Godavari","386.54","1672.79","4328.0"
"47","1990","1","Andhra Pradesh","West Godavari","437.05","1006.37","2303.0"
"47","1991","1","Andhra Pradesh","West Godavari","394.88","1011.02","2560.0"
"47","1992","1","Andhra Pradesh","West Godavari","443.86","1292.41","2912.0"
"47","1993","1","Andhra Pradesh","West Godavari","423.0","1366.0","3229.0"
"47","1994","1","Andhra Pradesh","West Godavari","461.0","1442.0","3128.0"
"47","1995","1","Andhra Pradesh","West Godavari","468.0","1257.0","2686.0"
"47","1996","1","Andhra Pradesh","West Godavari","468.0","1133.0","2421.0"
"47","1997","1","Andhra Pradesh","West Godavari","440.0","1308.0","2973.0"
"47","1998","1","Andhra Pradesh","West Godavari","456.0","1495.0","3279.0"
"47","1999","1","Andhra Pradesh","West Godavari","460.46","1466.37","3185.0"
"47","2000","1","Andhra Pradesh","West Godavari","471.67","1652.88","3504.0"
"47","2001","1","Andhra Pradesh","West Godavari","414.2","1473.13","3557.0"
"47","2002","1","Andhra Pradesh","West Godavari","332.0","1166.0","3512.0"
"47","2003","1","Andhra Pradesh","West Godavari","410.22","1679.72","4095.0"
"47","2004","1","Andhra Pradesh","West Godavari","420.0","1649.57","3928.0"
"47","2005","1","Andhra Pradesh","West Godavari","446.02","1363.27","3057.0"
"47","2006","1","Andhra Pradesh","West Godavari","434.04","1557.11","3587.0"
"47","2007","1","Andhra Pradesh","West Godavari","445.32","1639.14","3681.0"
"47","2008","1","Andhra Pradesh","West Godavari","450.46","1600.38","3553.0"
"47","2009","1","Andhra Pradesh","West Godavari","328.58","1115.06","3394.0"
"47","2010","1","Andhra Pradesh","West Godavari","456.52","1490.32","3265.0"
"47","2011","1","Andhra Pradesh","West Godavari","363.79","1308.47","3597.0"
"47","2012","1","Andhra Pradesh","West Godavari","422.51","1289.34","3052.0"
"47","2013","1","Andhra Pradesh","West Godavari","420.62","1342.34","3191.0"
"47","2014","1","Andhra Pradesh","West Godavari","409.29","1624.32","3969.0"
"47","2015","1","Andhra Pradesh","West Godavari","403.8","1558.51","3860.0"
"47","2016","1","Andhra Pradesh","West Godavari","399.41","1666.1","4171.0"
"47","2017","1","Andhra Pradesh","West Godavari","393.22","1693.91","4308.0"
"48","1990","1","Andhra Pradesh","Krishna","378.58","997.35","2634.0"
"48","1991","1","Andhra Pradesh","Krishna","376.55","907.73","2411.0"
"48","1992","1","Andhra Pradesh","Krishna","402.2","1112.03","2765.0"
"48","1993","1","Andhra Pradesh","Krishna","372.0","1096.0","2946.0"
"48","1994","1","Andhra Pradesh","Krishna","397.0","1124.0","2831.0"
"48","1995","1","Andhra Pradesh","Krishna","368.0","990.0","2690.0"
"48","1996","1","Andhra Pradesh","Krishna","390.0","1197.0","3069.0"
"48","1997","1","Andhra Pradesh","Krishna","374.0","1093.0","2922.0"
"48","1998","1","Andhra Pradesh","Krishna","416.0","1251.0","3007.0"
"48","1999","1","Andhra Pradesh","Krishna","406.3","1292.09","3180.0"
"48","2000","1","Andhra Pradesh","Krishna","394.26","1277.1","3239.0"
"48","2001","1","Andhra Pradesh","Krishna","343.59","1073.14","3123.0"
"48","2002","1","Andhra Pradesh","Krishna","246.0","767.0","3118.0"
"48","2003","1","Andhra Pradesh","Krishna","229.85","545.92","2375.0"
"48","2004","1","Andhra Pradesh","Krishna","255.32","836.43","3276.0"
"48","2005","1","Andhra Pradesh","Krishna","359.25","1106.6","3080.0"
"48","2006","1","Andhra Pradesh","Krishna","346.3","876.86","2532.0"
"48","2007","1","Andhra Pradesh","Krishna","354.98","1299.03","3659.0"
"48","2008","1","Andhra Pradesh","Krishna","394.53","1427.3","3618.0"
"48","2009","1","Andhra Pradesh","Krishna","336.64","1209.29","3592.0"
"48","2010","1","Andhra Pradesh","Krishna","355.34","1090.69","3069.0"
"48","2011","1","Andhra Pradesh","Krishna","272.03","1011.54","3718.0"
"48","2012","1","Andhra Pradesh","Krishna","264.53","950.52","3593.0"
"48","2013","1","Andhra Pradesh","Krishna","363.32","1175.52","3235.0"
"48","2014","1","Andhra Pradesh","Krishna","288.04","998.8","3468.0"
"48","2015","1","Andhra Pradesh","Krishna","220.68","762.64","3456.0"
"48","2016","1","Andhra Pradesh","Krishna","231.41","897.72","3879.0"
"48","2017","1","Andhra Pradesh","Krishna","258.73","1031.95","3989.0"
"49","1990","1","Andhra Pradesh","Guntur","307.43","974.39","3169.0"
"49","1991","1","Andhra Pradesh","Guntur","308.2","873.7","2835.0"
"49","1992","1","Andhra Pradesh","Guntur","287.36","840.97","2927.0"
"49","1993","1","Andhra Pradesh","Guntur","296.0","974.0","3291.0"
"49","1994","1","Andhra Pradesh","Guntur","305.0","803.0","2633.0"
"49","1995","1","Andhra Pradesh","Guntur","279.0","842.0","3018.0"
"49","1996","1","Andhra Pradesh","Guntur","298.0","948.0","3181.0"
"49","1997","1","Andhra Pradesh","Guntur","309.0","897.0","2903.0"
"49","1998","1","Andhra Pradesh","Guntur","327.0","1021.0","3122.0"
"49","1999","1","Andhra Pradesh","Guntur","317.71","1022.58","3219.0"
"49","2000","1","Andhra Pradesh","Guntur","305.59","1036.96","3393.0"
"49","2001","1","Andhra Pradesh","Guntur","317.39","1116.17","3517.0"
"49","2002","1","Andhra Pradesh","Guntur","206.0","654.0","3175.0"
"49","2003","1","Andhra Pradesh","Guntur","176.26","499.83","2836.0"
"49","2004","1","Andhra Pradesh","Guntur","261.65","904.88","3458.0"
"49","2005","1","Andhra Pradesh","Guntur","320.31","1004.2","3135.0"
"49","2006","1","Andhra Pradesh","Guntur","317.57","884.89","2786.0"
"49","2007","1","Andhra Pradesh","Guntur","307.27","1061.01","3453.0"
"49","2008","1","Andhra Pradesh","Guntur","332.85","1146.98","3446.0"
"49","2009","1","Andhra Pradesh","Guntur","302.87","1066.65","3522.0"
"49","2010","1","Andhra Pradesh","Guntur","329.47","851.57","2585.0"
"49","2011","1","Andhra Pradesh","Guntur","292.8","1119.98","3825.0"
"49","2012","1","Andhra Pradesh","Guntur","183.06","637.68","3483.0"
"49","2013","1","Andhra Pradesh","Guntur","328.17","1096.0","3340.0"
"49","2014","1","Andhra Pradesh","Guntur","285.3","1111.93","3897.0"
"49","2015","1","Andhra Pradesh","Guntur","163.22","474.87","2909.0"
"49","2016","1","Andhra Pradesh","Guntur","175.94","735.53","4181.0"
"49","2017","1","Andhra Pradesh","Guntur","202.49","852.84","4212.0"
"50","1990","1","Andhra Pradesh","S.P.S.Nellore","224.45","580.2","2585.0"
"50","1991","1","Andhra Pradesh","S.P.S.Nellore","228.52","491.4","2150.0"
"50","1992","1","Andhra Pradesh","S.P.S.Nellore","207.76","482.41","2322.0"
"50","1993","1","Andhra Pradesh","S.P.S.Nellore","226.0","669.0","2960.0"
"50","1994","1","Andhra Pradesh","S.P.S.Nellore","210.0","606.0","2886.0"
"50","1995","1","Andhra Pradesh","S.P.S.Nellore","214.0","492.0","2299.0"
"50","1996","1","Andhra Pradesh","S.P.S.Nellore","227.0","631.0","2780.0"
"50","1997","1","Andhra Pradesh","S.P.S.Nellore","231.0","672.0","2909.0"
"50","1998","1","Andhra Pradesh","S.P.S.Nellore","228.0","675.0","2961.0"
"50","1999","1","Andhra Pradesh","S.P.S.Nellore","198.21","543.93","2744.0"
"50","2000","1","Andhra Pradesh","S.P.S.Nellore","187.91","539.07","2869.0"
"50","2001","1","Andhra Pradesh","S.P.S.Nellore","210.4","705.77","3354.0"
"50","2002","1","Andhra Pradesh","S.P.S.Nellore","219.0","672.0","3068.0"
"50","2003","1","Andhra Pradesh","S.P.S.Nellore","154.92","414.12","2673.0"
"50","2004","1","Andhra Pradesh","S.P.S.Nellore","186.75","633.37","3392.0"
"50","2005","1","Andhra Pradesh","S.P.S.Nellore","207.71","768.92","3702.0"
"50","2006","1","Andhra Pradesh","S.P.S.Nellore","241.92","856.78","3542.0"
"50","2007","1","Andhra Pradesh","S.P.S.Nellore","234.44","856.72","3654.0"
"50","2008","1","Andhra Pradesh","S.P.S.Nellore","257.09","996.8","3877.0"
"50","2009","1","Andhra Pradesh","S.P.S.Nellore","266.89","1004.08","3762.0"
"50","2010","1","Andhra Pradesh","S.P.S.Nellore","270.86","1005.51","3712.0"
"50","2011","1","Andhra Pradesh","S.P.S.Nellore","254.57","1031.43","4052.0"
"50","2012","1","Andhra Pradesh","S.P.S.Nellore","251.27","1026.43","4085.0"
"50","2013","1","Andhra Pradesh","S.P.S.Nellore","224.89","911.11","4051.0"
"50","2014","1","Andhra Pradesh","S.P.S.Nellore","240.72","969.02","4026.0"
"50","2015","1","Andhra Pradesh","S.P.S.Nellore","288.25","1289.69","4474.0"
"50","2016","1","Andhra Pradesh","S.P.S.Nellore","204.63","865.09","4228.0"
"50","2017","1","Andhra Pradesh","S.P.S.Nellore","224.53","1036.54","4617.0"
"51","1990","1","Andhra Pradesh","Kurnool","80.26","192.06","2393.0"
"51","1991","1","Andhra Pradesh","Kurnool","77.48","206.14","2661.0"
"51","1992","1","Andhra Pradesh","Kurnool","74.86","180.88","2416.0"
"51","1993","1","Andhra Pradesh","Kurnool","73.0","192.0","2630.0"
"51","1994","1","Andhra Pradesh","Kurnool","64.0","139.0","2172.0"
"51","1995","1","Andhra Pradesh","Kurnool","73.0","187.0","2562.0"
"51","1996","1","Andhra Pradesh","Kurnool","84.0","253.0","3012.0"
"51","1997","1","Andhra Pradesh","Kurnool","75.0","201.0","2680.0"
"51","1998","1","Andhra Pradesh","Kurnool","96.0","267.0","2781.0"
"51","1999","1","Andhra Pradesh","Kurnool","94.07","261.13","2776.0"
"51","2000","1","Andhra Pradesh","Kurnool","107.1","345.51","3226.0"
"51","2001","1","Andhra Pradesh","Kurnool","81.78","220.31","2694.0"
"51","2002","1","Andhra Pradesh","Kurnool","59.0","126.0","2136.0"
"51","2003","1","Andhra Pradesh","Kurnool","39.58","112.01","2830.0"
"51","2004","1","Andhra Pradesh","Kurnool","73.52","248.25","3377.0"
"51","2005","1","Andhra Pradesh","Kurnool","108.63","358.57","3301.0"
"51","2006","1","Andhra Pradesh","Kurnool","93.17","307.0","3295.0"
"51","2007","1","Andhra Pradesh","Kurnool","108.65","383.28","3528.0"
"51","2008","1","Andhra Pradesh","Kurnool","111.45","376.93","3382.0"
"51","2009","1","Andhra Pradesh","Kurnool","126.68","414.37","3271.0"
"51","2010","1","Andhra Pradesh","Kurnool","137.08","397.1","2897.0"
"51","2011","1","Andhra Pradesh","Kurnool","106.72","379.92","3560.0"
"51","2012","1","Andhra Pradesh","Kurnool","89.47","336.86","3765.0"
"51","2013","1","Andhra Pradesh","Kurnool","124.89","458.4","3670.0"
"51","2014","1","Andhra Pradesh","Kurnool","114.9","444.26","3866.0"
"51","2015","1","Andhra Pradesh","Kurnool","55.59","171.58","3087.0"
"51","2016","1","Andhra Pradesh","Kurnool","108.72","434.89","4000.0"
"51","2017","1","Andhra Pradesh","Kurnool","102.09","362.46","3550.0"
"52","1990","1","Andhra Pradesh","Anantapur","46.0","104.03","2262.0"
"52","1991","1","Andhra Pradesh","Anantapur","59.57","150.71","2530.0"
"52","1992","1","Andhra Pradesh","Anantapur","46.69","91.65","1963.0"
"52","1993","1","Andhra Pradesh","Anantapur","49.0","107.0","2184.0"
"52","1994","1","Andhra Pradesh","Anantapur","36.0","72.0","2000.0"
"52","1995","1","Andhra Pradesh","Anantapur","41.0","89.0","2171.0"
"52","1996","1","Andhra Pradesh","Anantapur","68.0","168.0","2471.0"
"52","1997","1","Andhra Pradesh","Anantapur","54.0","112.0","2074.0"
"52","1998","1","Andhra Pradesh","Anantapur","65.0","161.0","2477.0"
"52","1999","1","Andhra Pradesh","Anantapur","58.25","150.75","2588.0"
"52","2000","1","Andhra Pradesh","Anantapur","62.0","174.92","2821.0"
"52","2001","1","Andhra Pradesh","Anantapur","71.0","204.52","2881.0"
"52","2002","1","Andhra Pradesh","Anantapur","40.0","86.0","2150.0"
"52","2003","1","Andhra Pradesh","Anantapur","28.34","70.35","2482.0"
"52","2004","1","Andhra Pradesh","Anantapur","33.58","106.67","3177.0"
"52","2005","1","Andhra Pradesh","Anantapur","48.15","125.56","2608.0"
"52","2006","1","Andhra Pradesh","Anantapur","33.2","99.4","2994.0"
"52","2007","1","Andhra Pradesh","Anantapur","44.49","132.52","2979.0"
"52","2008","1","Andhra Pradesh","Anantapur","48.72","144.43","2964.0"
"52","2009","1","Andhra Pradesh","Anantapur","51.65","148.41","2873.0"
"52","2010","1","Andhra Pradesh","Anantapur","59.8","171.4","2866.0"
"52","2011","1","Andhra Pradesh","Anantapur","48.67","120.07","2467.0"
"52","2012","1","Andhra Pradesh","Anantapur","29.05","76.45","2632.0"
"52","2013","1","Andhra Pradesh","Anantapur","40.4","87.94","2177.0"
"52","2014","1","Andhra Pradesh","Anantapur","29.21","82.53","2825.0"
"52","2015","1","Andhra Pradesh","Anantapur","33.62","97.65","2905.0"
"52","2016","1","Andhra Pradesh","Anantapur","22.89","57.43","2509.0"
"52","2017","1","Andhra Pradesh","Anantapur","30.91","86.36","2794.0"
"53","1990","1","Andhra Pradesh","Kadapa YSR","64.22","181.74","2830.0"
"53","1991","1","Andhra Pradesh","Kadapa YSR","72.36","187.51","2591.0"
"53","1992","1","Andhra Pradesh","Kadapa YSR","48.86","130.97","2681.0"
"53","1993","1","Andhra Pradesh","Kadapa YSR","65.0","200.0","3077.0"
"53","1994","1","Andhra Pradesh","Kadapa YSR","51.0","142.0","2784.0"
"53","1995","1","Andhra Pradesh","Kadapa YSR","59.0","163.0","2763.0"
"53","1996","1","Andhra Pradesh","Kadapa YSR","82.0","200.0","2439.0"
"53","1997","1","Andhra Pradesh","Kadapa YSR","61.0","105.0","1721.0"
"53","1998","1","Andhra Pradesh","Kadapa YSR","76.0","212.0","2789.0"
"53","1999","1","Andhra Pradesh","Kadapa YSR","61.61","147.41","2393.0"
"53","2000","1","Andhra Pradesh","Kadapa YSR","67.84","176.25","2598.0"
"53","2001","1","Andhra Pradesh","Kadapa YSR","75.77","195.11","2575.0"
"53","2002","1","Andhra Pradesh","Kadapa YSR","36.0","72.0","2000.0"
"53","2003","1","Andhra Pradesh","Kadapa YSR","34.12","84.06","2464.0"
"53","2004","1","Andhra Pradesh","Kadapa YSR","52.62","161.04","3060.0"
"53","2005","1","Andhra Pradesh","Kadapa YSR","66.75","141.62","2122.0"
"53","2006","1","Andhra Pradesh","Kadapa YSR","46.91","125.46","2674.0"
"53","2007","1","Andhra Pradesh","Kadapa YSR","62.56","184.06","2942.0"
"53","2008","1","Andhra Pradesh","Kadapa YSR","65.07","128.44","1974.0"
"53","2009","1","Andhra Pradesh","Kadapa YSR","65.32","187.93","2877.0"
"53","2010","1","Andhra Pradesh","Kadapa YSR","70.38","129.55","1841.0"
"53","2011","1","Andhra Pradesh","Kadapa YSR","53.9","158.66","2944.0"
"53","2012","1","Andhra Pradesh","Kadapa YSR","30.75","80.8","2628.0"
"53","2013","1","Andhra Pradesh","Kadapa YSR","62.71","178.29","2843.0"
"53","2014","1","Andhra Pradesh","Kadapa YSR","45.89","165.84","3614.0"
"53","2015","1","Andhra Pradesh","Kadapa YSR","40.26","123.13","3058.0"
"53","2016","1","Andhra Pradesh","Kadapa YSR","50.33","165.64","3291.0"
"53","2017","1","Andhra Pradesh","Kadapa YSR","54.98","139.76","2542.0"
"54","1990","1","Andhra Pradesh","Chittoor","94.99","242.67","2555.0"
"54","1991","1","Andhra Pradesh","Chittoor","115.43","266.25","2307.0"
"54","1992","1","Andhra Pradesh","Chittoor","80.29","139.6","1739.0"
"54","1993","1","Andhra Pradesh","Chittoor","106.0","253.0","2387.0"
"54","1994","1","Andhra Pradesh","Chittoor","82.0","185.0","2256.0"
"54","1995","1","Andhra Pradesh","Chittoor","83.0","182.0","2193.0"
"54","1996","1","Andhra Pradesh","Chittoor","133.0","323.0","2429.0"
"54","1997","1","Andhra Pradesh","Chittoor","99.0","222.0","2242.0"
"54","1998","1","Andhra Pradesh","Chittoor","104.0","265.0","2548.0"
"54","1999","1","Andhra Pradesh","Chittoor","75.03","152.28","2030.0"
"54","2000","1","Andhra Pradesh","Chittoor","75.22","186.42","2478.0"
"54","2001","1","Andhra Pradesh","Chittoor","86.43","225.88","2613.0"
"54","2002","1","Andhra Pradesh","Chittoor","50.0","127.0","2540.0"
"54","2003","1","Andhra Pradesh","Chittoor","45.78","85.28","1863.0"
"54","2004","1","Andhra Pradesh","Chittoor","44.88","112.51","2507.0"
"54","2005","1","Andhra Pradesh","Chittoor","82.59","230.79","2794.0"
"54","2006","1","Andhra Pradesh","Chittoor","46.21","127.62","2762.0"
"54","2007","1","Andhra Pradesh","Chittoor","52.44","157.43","3002.0"
"54","2008","1","Andhra Pradesh","Chittoor","55.52","164.88","2970.0"
"54","2009","1","Andhra Pradesh","Chittoor","54.91","170.13","3098.0"
"54","2010","1","Andhra Pradesh","Chittoor","61.58","185.14","3006.0"
"54","2011","1","Andhra Pradesh","Chittoor","51.11","168.93","3305.0"
"54","2012","1","Andhra Pradesh","Chittoor","47.51","171.41","3608.0"
"54","2013","1","Andhra Pradesh","Chittoor","49.86","169.02","3390.0"
"54","2014","1","Andhra Pradesh","Chittoor","40.97","132.42","3232.0"
"54","2015","1","Andhra Pradesh","Chittoor","88.15","334.55","3795.0"
"54","2016","1","Andhra Pradesh","Chittoor","46.7","170.2","3645.0"
"54","2017","1","Andhra Pradesh","Chittoor","64.81","246.16","3798.0"
"503","1990","1","Andhra Pradesh","Vizianagaram","135.55","289.24","2134.0"
"503","1991","1","Andhra Pradesh","Vizianagaram","131.48","299.08","2275.0"
"503","1992","1","Andhra Pradesh","Vizianagaram","133.8","291.49","2179.0"
"503","1993","1","Andhra Pradesh","Vizianagaram","113.0","201.0","1779.0"
"503","1994","1","Andhra Pradesh","Vizianagaram","130.0","234.0","1800.0"
"503","1995","1","Andhra Pradesh","Vizianagaram","138.0","324.0","2348.0"
"503","1996","1","Andhra Pradesh","Vizianagaram","132.0","301.0","2280.0"
"503","1997","1","Andhra Pradesh","Vizianagaram","131.0","189.0","1443.0"
"503","1998","1","Andhra Pradesh","Vizianagaram","136.0","309.0","2272.0"
"503","1999","1","Andhra Pradesh","Vizianagaram","134.17","257.79","1921.0"
"503","2000","1","Andhra Pradesh","Vizianagaram","132.07","220.34","1668.0"
"503","2001","1","Andhra Pradesh","Vizianagaram","110.16","209.71","1904.0"
"503","2002","1","Andhra Pradesh","Vizianagaram","95.0","117.0","1232.0"
"503","2003","1","Andhra Pradesh","Vizianagaram","113.08","239.05","2114.0"
"503","2004","1","Andhra Pradesh","Vizianagaram","127.58","295.33","2315.0"
"503","2005","1","Andhra Pradesh","Vizianagaram","98.09","140.66","1434.0"
"503","2006","1","Andhra Pradesh","Vizianagaram","118.45","283.34","2392.0"
"503","2007","1","Andhra Pradesh","Vizianagaram","126.37","368.65","2917.0"
"503","2008","1","Andhra Pradesh","Vizianagaram","130.66","312.01","2388.0"
"503","2009","1","Andhra Pradesh","Vizianagaram","108.23","239.09","2209.0"
"503","2010","1","Andhra Pradesh","Vizianagaram","133.54","348.67","2611.0"
"503","2011","1","Andhra Pradesh","Vizianagaram","124.57","267.75","2149.0"
"503","2012","1","Andhra Pradesh","Vizianagaram","125.77","320.87","2551.0"
"503","2013","1","Andhra Pradesh","Vizianagaram","116.78","290.93","2491.0"
"503","2014","1","Andhra Pradesh","Vizianagaram","124.59","331.84","2663.0"
"503","2015","1","Andhra Pradesh","Vizianagaram","126.69","373.26","2946.0"
"503","2016","1","Andhra Pradesh","Vizianagaram","125.3","380.55","3037.0"
"503","2017","1","Andhra Pradesh","Vizianagaram","128.84","384.69","2986.0"
"504","1990","1","Andhra Pradesh","Prakasam","140.16","400.21","2855.0"
"504","1991","1","Andhra Pradesh","Prakasam","148.63","347.55","2338.0"
"504","1992","1","Andhra Pradesh","Prakasam","127.9","296.22","2316.0"
"504","1993","1","Andhra Pradesh","Prakasam","134.0","396.0","2955.0"
"504","1994","1","Andhra Pradesh","Prakasam","135.0","331.0","2452.0"
"504","1995","1","Andhra Pradesh","Prakasam","107.0","232.0","2168.0"
"504","1996","1","Andhra Pradesh","Prakasam","140.0","410.0","2929.0"
"504","1997","1","Andhra Pradesh","Prakasam","136.0","346.0","2544.0"
"504","1998","1","Andhra Pradesh","Prakasam","146.0","456.0","3123.0"
"504","1999","1","Andhra Pradesh","Prakasam","125.07","320.12","2560.0"
"504","2000","1","Andhra Pradesh","Prakasam","147.49","473.4","3210.0"
"504","2001","1","Andhra Pradesh","Prakasam","147.38","520.09","3529.0"
"504","2002","1","Andhra Pradesh","Prakasam","65.0","151.0","2323.0"
"504","2003","1","Andhra Pradesh","Prakasam","46.12","121.27","2629.0"
"504","2004","1","Andhra Pradesh","Prakasam","93.57","315.94","3377.0"
"504","2005","1","Andhra Pradesh","Prakasam","149.41","485.28","3248.0"
"504","2006","1","Andhra Pradesh","Prakasam","121.07","422.02","3486.0"
"504","2007","1","Andhra Pradesh","Prakasam","127.69","459.85","3601.0"
"504","2008","1","Andhra Pradesh","Prakasam","131.39","482.28","3671.0"
"504","2009","1","Andhra Pradesh","Prakasam","129.2","489.12","3786.0"
"504","2010","1","Andhra Pradesh","Prakasam","156.78","519.45","3313.0"
"504","2011","1","Andhra Pradesh","Prakasam","118.52","427.03","3603.0"
"504","2012","1","Andhra Pradesh","Prakasam","51.76","189.99","3671.0"
"504","2013","1","Andhra Pradesh","Prakasam","138.58","532.27","3841.0"
"504","2014","1","Andhra Pradesh","Prakasam","105.3","405.92","3855.0"
"504","2015","1","Andhra Pradesh","Prakasam","44.39","178.69","4025.0"
"504","2016","1","Andhra Pradesh","Prakasam","40.07","143.9","3591.0"
"504","2017","1","Andhra Pradesh","Prakasam","47.35","181.58","3835.0"