"Dist Code","Year","State Code","State Name","Dist Name","SOIL TYPE PERCENT (Percent)"
"44","Not Applicable","1","Andhra Pradesh","Srikakulam","ORTHIDS - 100%"
"45","Not Applicable","1","Andhra Pradesh","Visakhapatnam","ORTHIDS - 50% ; SANDY ALFISOL - 50%"
"46","Not Applicable","1","Andhra Pradesh","East Godavari","ORTHIDS - 65% ; SANDY ALFISOL - 35%"
"47","Not Applicable","1","Andhra Pradesh","West Godavari","ORTHIDS - 50% ; SANDY ALFISOL - 50%"
"48","Not Applicable","1","Andhra Pradesh","Krishna","ORTHIDS - 50% ; LOAMY ALFISOLS - 50%"
"49","Not Applicable","1","Andhra Pradesh","Guntur","ORTHIDS - 40% ; VERTISOLS - 30% ; SANDY ALFISOL - 30%"
"50","Not Applicable","1","Andhra Pradesh","S.P.S. Nellore","ORTHIDS - 60% ; SANDY ALFISOL - 40%"
"51","Not Applicable","1","Andhra Pradesh","Kurnool","SANDY ALFISOL - 60% ; VERTIC SOILS - 40%"
"52","Not Applicable","1","Andhra Pradesh","Ananthapur","SANDY ALFISOL - 100%"
"53","Not Applicable","1","Andhra Pradesh","Kadapa YSR","SANDY ALFISOL - 100%"
"54","Not Applicable","1","Andhra Pradesh","Chittoor","SANDY ALFISOL - 80%; ORTHIDS - 20%"