"Dist Code","Year","State Code","State Name","Dist Name","JANUARY NORMAL RAINFALL (Millimeters)","FEBRUARY NORMAL RAINFALL (Millimeters)","MARCH NORMAL RAINFALL (Millimeters)","APRIL NORMAL RAINFALL (Millimeters)","MAY NORMAL RAINFALL (Millimeters)","JUNE NORMAL RAINFALL (Millimeters)","JULY NORMAL RAINFALL (Millimeters)","AUGUST NORMAL RAINFALL (Millimeters)","SEPTEMBER NORMAL RAINFALL (Millimeters)","OCTOBER NORMAL RAINFALL (Millimeters)","NOVEMBER NORMAL RAINFALL (Millimeters)","DECEMBER NORMAL RAINFALL (Millimeters)","ANNUAL NORMAL RAINFALL (Millimeters)"
"44","Average 30 years","1","Andhra Pradesh","Srikakulam","8.0","18.0","15.0","26.0","53.0","119.0","162.0","189.0","229.0","192.0","83.0","10.0","1104.0"
"45","Average 30 years","1","Andhra Pradesh","Visakhapatnam","7.0","15.0","9.0","13.0","54.0","88.0","122.0","132.0","167.0","259.0","91.0","18.0","975.0"
"46","Average 30 years","1","Andhra Pradesh","East Godavari","8.0","9.0","12.0","20.0","42.0","122.0","190.0","145.0","151.0","238.0","136.0","15.0","1088.0"
"47","Average 30 years","1","Andhra Pradesh","West Godavari","3.0","13.0","10.0","18.0","48.0","148.0","214.0","200.0","169.0","159.0","73.0","7.0","1062.0"
"48","Average 30 years","1","Andhra Pradesh","Krishna","5.0","15.0","13.0","18.0","39.0","94.0","177.0","152.0","162.0","234.0","138.0","18.0","1065.0"
"49","Average 30 years","1","Andhra Pradesh","Guntur","4.0","9.0","8.0","15.0","32.0","92.0","116.0","117.0","143.0","115.0","44.0","9.0","704.0"
"50","Average 30 years","1","Andhra Pradesh","S.P.S. Nellore","32.0","7.0","7.0","10.0","37.0","37.0","71.0","76.0","110.0","266.0","317.0","88.0","1058.0"
"51","Average 30 years","1","Andhra Pradesh","Kurnool","4.0","8.0","5.0","14.0","30.0","76.0","106.0","103.0","146.0","78.0","29.0","6.0","605.0"
"52","Average 30 years","1","Andhra Pradesh","Ananthapur","3.0","5.0","4.0","16.0","57.0","41.0","38.0","71.0","122.0","92.0","41.0","7.0","497.0"
"53","Average 30 years","1","Andhra Pradesh","Kadapa YSR","11.0","3.0","6.0","13.0","39.0","72.0","107.0","121.0","155.0","108.0","95.0","18.0","748.0"
"54","Average 30 years","1","Andhra Pradesh","Chittoor","5.0","2.0","4.0","36.0","59.0","54.0","86.0","75.0","113.0","166.0","61.0","36.0","697.0"