"Dist Code","Year","State Code","State Name","Dist Name","TOTAL POPULATION (1000 Number)","TOTAL MALE POPULATION (1000 Number)","TOTAL FEMALE POPULATION (1000 Number)","TOTAL RURAL POPULATION (1000 Number)","RURAL MALE POPULATION (1000 Number)","RURAL FEMALE POPULATION (1000 Number)","TOTAL URBAN POPULATION (1000 Number)","URBAN MALE POPULATION (1000 Number)","URBAN FEMALE POPULATION (1000 Number)","ST TOTAL POPULATION (1000 Number)","ST MALE POPULATION (1000 Number)","ST FEMALE POPULATION (1000 Number)","ST RURAL TOTAL POPULATION (1000 Number)","ST RURAL MALE POPULATION (1000 Number)","ST RURAL FEMALE POPULATION (1000 Number)","ST URBAN TOTAL POPULATION (1000 Number)","ST URBAN MALE POPULATION (1000 Number)","ST URBAN FEMALE POPULATION (1000 Number)","SC TOTAL POPULATION (1000 Number)","SC MALE POPULATION (1000 Number)","SC FEMALE POPULATION (1000 Number)","SC RURAL TOTAL POPULATION (1000 Number)","SC RURAL MALE POPULATION (1000 Number)","SC RURAL FEMALE POPULATION (1000 Number)","SC URBAN TOTAL POPULATION (1000 Number)","SC URBAN MALE POPULATION (1000 Number)","SC URBAN FEMALE POPULATION (1000 Number)","TOTAL LITERATES POPULATION (1000 Number)","MALE LITERATES POPULATION (1000 Number)","FEMALE LITERATES POPULATION (1000 Number)","TOTAL RURAL LITERATES POPULATION (1000 Number)","RURAL MALE LITERATES POPULATION (1000 Number)","RURAL FEMALE LITERATES POPULATION (1000 Number)","TOTAL URBAN LITERATES POPULATION (1000 Number)","URBAN MALE LITERATES POPULATION (1000 Number)","URBAN FEMALE LITERATES POPULATION (1000 Number)","TOTAL CULTIVATORS POPULATION (1000 Number)","MALE CULTIVATORS POPULATION (1000 Number)","FEMALE CULTIVATORS POPULATION (1000 Number)","TOTAL RURAL CULTIVATORS POPULATION (1000 Number)","RURAL MALE CULTIVATORS POPULATION (1000 Number)","RURAL FEMALE CULTIVATORS POPULATION (1000 Number)","TOTAL URBAN CULTIVATORS POPULATION (1000 Number)","URBAN MALE CULTIVATORS POPULATION (1000 Number)","URBAN FEMALE CULTIVATORS POPULATION (1000 Number)","TOTAL AGRICULTURAL LABOUR POPULATION (1000 Number)","MALE AGRICULTURAL LABOUR POPULATION (1000 Number)","FEMALE AGRICULTURAL LABOUR POPULATION (1000 Number)","TOTAL RURAL AGRICULTURAL LABOUR POPULATION (1000 Number)","RURAL MALE AGRICULTURAL LABOUR POPULATION (1000 Number)","RURAL FEMALE AGRICULTURAL LABOUR POPULATION (1000 Number)","TOTAL URBAN AGRICULTURAL LABOUR POPULATION (1000 Number)","URBAN MALE AGRICULTURAL LABOUR POPULATION (1000 Number)","URBAN FEMALE AGRICULTURAL LABOUR POPULATION (1000 Number)","NON AGRICULTURAL WORKERS POPULATION (1000 Number)","AGRICULTURAL WORKERS POPULATION (1000 Number)","TOTAL WORKERS POPULATION (1000 Number)"
"44","1961","1","Andhra Pradesh","Srikakulam","2340.88","1149.45","1191.43","2136.24","1048.01","1088.22","204.64","101.43","103.21","192.28","96.72","95.56","191.52","96.3","95.22","0.75","0.42","0.33","220.77","108.16","112.61","203.19","99.5","103.69","17.58","8.65","8.92","367.72","283.89","83.83","298.21","236.44","61.78","69.51","47.46","22.05","634.16","347.79","286.37","620.05","339.55","280.5","14.11","8.24","5.87","376.37","165.12","211.25","365.48","161.19","204.28","10.9","3.93","6.96","1330.35","1010.53","2340.88"
"44","1971","1","Andhra Pradesh","Srikakulam","2586.71","1277.76","1308.95","2311.05","1140.35","1170.7","275.66","137.41","138.25","212.46","106.79","105.67","210.81","105.92","104.9","1.65","0.88","0.77","238.49","118.09","120.4","216.29","106.97","109.32","22.2","11.13","11.07","475.18","350.97","124.21","367.62","281.33","86.29","107.56","69.65","37.91","426.36","316.78","109.58","414.99","307.79","107.2","11.37","8.99","2.39","413.54","223.07","190.46","396.76","214.54","182.21","16.78","8.53","8.25","1611.94","839.9","2451.84"
"44","1981","1","Andhra Pradesh","Srikakulam","2861.45","1418.37","1443.1","2504.3","1239.28","1265.03","357.15","179.09","178.07","181.81","91.32","90.5","178.96","89.82","89.14","2.87","1.5","1.36","272.18","135.94","136.24","239.09","119.51","119.58","33.1","16.44","16.66","641.35","455.57","185.78","472.73","350.93","121.81","168.62","104.65","63.98","526.03","367.08","158.95","515.35","359.04","156.31","10.68","8.03","2.64","410.68","208.78","201.91","394.5","200.68","193.83","16.19","8.11","8.08","1616.57","936.71","2553.28"
"44","1991","1","Andhra Pradesh","Srikakulam","3376.6","1681.49","1695.12","2904.61","1445.91","1458.71","471.99","235.58","236.41","229.17","114.73","114.44","224.11","112.0","112.12","5.06","2.74","2.32","327.08","164.19","162.89","280.64","141.29","139.35","46.44","22.9","23.54","1002.8","674.11","328.69","753.44","525.74","227.7","249.36","148.37","100.99","518.1","343.4","174.7","508.0","336.1","172.0","10.2","7.5","2.7","587.5","291.8","295.7","561.8","278.6","283.3","25.6","13.3","12.3","2271.11","1105.6","3376.71"
"44","2001","1","Andhra Pradesh","Srikakulam","3651.04","1816.43","1834.61","3166.79","1575.87","1590.92","484.25","240.56","243.69","258.67","128.32","130.35","253.08","125.47","127.6","5.6","2.85","2.75","348.62","173.29","175.34","300.13","149.66","150.48","48.49","23.63","24.86","1744.19","1051.19","693.0","1425.08","873.12","551.96","319.11","178.07","141.04","433.26","273.49","159.77","426.86","269.06","157.81","6.4","4.43","1.97","790.33","352.96","437.37","772.47","344.79","427.69","17.86","8.17","9.69","1862.14","1223.59","3085.74"
"44","2011","1","Andhra Pradesh","Srikakulam","3875.35","1922.48","1952.88","3193.19","1587.11","1606.09","682.16","335.38","346.78","283.9","138.73","145.18","273.51","133.59","139.92","10.4","5.14","5.26","379.53","185.96","193.57","310.01","152.67","157.34","69.52","33.29","36.23","2114.58","1211.57","903.01","1632.58","953.78","678.8","482.0","257.8","224.2","271.47","179.86","91.61","264.42","174.48","89.95","7.04","5.39","1.66","979.46","466.3","513.17","949.37","450.63","498.73","30.1","15.66","14.43","2006.08","1250.93","3257.01"
"45","1961","1","Andhra Pradesh","Visakhapatnam","2290.76","1142.65","1148.11","1877.72","931.88","945.84","413.04","210.76","202.27","213.82","108.24","105.58","212.79","107.68","105.11","1.03","0.56","0.47","185.05","92.06","92.98","152.05","75.6","76.45","33.0","16.47","16.53","392.97","286.03","106.94","216.76","171.13","45.63","176.2","114.89","61.31","629.26","362.78","266.48","615.97","354.87","261.1","13.29","7.91","5.38","239.22","113.96","125.26","233.83","111.26","122.57","5.39","2.7","2.69","1422.28","868.48","2290.76"
"45","1971","1","Andhra Pradesh","Visakhapatnam","2790.85","1396.61","1394.25","2178.96","1083.8","1095.16","611.9","312.81","299.08","299.97","152.08","147.89","298.36","151.13","147.23","1.61","0.95","0.66","221.96","111.11","110.85","169.1","84.79","84.31","52.86","26.32","26.54","595.38","413.96","181.42","303.06","230.11","72.95","292.32","183.85","108.47","485.96","368.98","116.99","477.28","361.98","115.3","8.69","7.0","1.69","314.19","168.25","145.94","302.9","161.34","141.55","11.29","6.91","4.38","1836.17","800.15","2636.32"
"45","1981","1","Andhra Pradesh","Visakhapatnam","3478.57","1750.46","1728.13","2528.86","1264.76","1264.11","949.71","485.7","464.02","430.8","218.43","212.38","425.06","215.23","209.82","5.75","3.19","2.56","294.74","149.42","145.32","202.22","102.74","99.48","92.53","46.69","45.84","913.05","614.0","299.05","419.11","311.83","107.29","493.95","302.19","191.77","590.24","421.98","168.27","579.34","413.6","165.76","10.9","8.38","2.52","331.85","172.84","159.02","317.34","164.62","152.73","14.51","8.24","6.28","2075.92","922.09","2998.01"
"45","1991","1","Andhra Pradesh","Visakhapatnam","4340.56","2190.92","2149.65","2850.23","1428.79","1421.45","1490.33","762.13","728.2","563.99","283.43","280.56","553.76","277.79","275.99","10.22","5.64","4.58","367.12","186.83","180.29","228.74","116.92","111.82","138.38","69.92","68.47","1566.05","992.82","573.22","678.28","475.27","203.01","887.77","517.55","370.22","661.7","428.7","233.0","649.7","419.4","230.4","12.1","9.4","2.6","474.6","249.9","224.6","444.8","230.4","214.5","29.7","19.6","10.1","3204.35","1136.3","4340.65"
"45","2001","1","Andhra Pradesh","Visakhapatnam","4912.38","2463.96","2448.42","3194.49","1596.69","1597.8","1717.89","867.27","850.62","664.99","331.44","333.55","642.93","319.74","323.19","22.07","11.7","10.37","410.23","206.37","203.87","258.97","130.63","128.35","151.26","75.75","75.52","2489.98","1459.16","1030.83","1319.3","813.63","505.67","1170.69","645.53","525.15","599.37","359.28","240.08","593.84","355.12","238.73","5.52","4.17","1.35","656.42","306.68","349.74","642.45","299.18","343.27","13.97","7.5","6.48","2722.54","1255.79","3978.32"
"45","2011","1","Andhra Pradesh","Visakhapatnam","5462.83","2719.65","2743.18","3181.45","1573.45","1608.0","2281.38","1146.21","1135.18","736.28","360.26","376.04","693.04","337.39","355.64","43.25","22.86","20.39","453.36","223.62","229.73","247.17","122.1","125.07","206.19","101.52","104.67","3187.45","1776.63","1410.82","1518.09","880.06","638.03","1669.36","896.58","772.78","428.31","261.96","166.36","415.35","253.62","161.75","12.95","8.34","4.61","857.58","418.73","438.85","823.25","397.67","425.59","34.33","21.06","13.26","2993.97","1285.89","4279.86"
"46","1961","1","Andhra Pradesh","East Godavari","2608.38","1305.0","1303.37","2124.9","1062.6","1062.3","483.48","242.41","241.07","100.34","50.24","50.1","98.69","49.43","49.26","1.66","0.81","0.84","459.66","231.42","228.23","413.52","208.61","204.91","46.14","22.81","23.33","678.22","435.88","242.35","481.87","314.71","167.16","196.35","121.17","75.19","293.89","233.03","60.86","284.02","224.42","59.6","9.87","8.61","1.26","445.93","242.31","203.63","427.47","232.83","194.64","18.47","9.48","8.99","1868.55","739.82","2608.38"
"46","1971","1","Andhra Pradesh","East Godavari","3077.19","1541.84","1535.35","2483.55","1243.86","1239.69","593.64","297.97","295.66","119.03","59.63","59.4","116.68","58.41","58.27","2.35","1.22","1.13","517.79","262.09","255.71","460.79","233.17","227.62","57.0","28.91","28.08","954.62","579.28","375.34","670.68","412.89","257.79","283.93","166.38","117.55","247.46","228.78","18.68","239.76","221.77","17.99","7.7","7.01","0.69","514.27","313.71","200.56","490.95","299.97","190.98","23.32","13.75","9.58","2137.2","761.73","2898.93"
"46","1981","1","Andhra Pradesh","East Godavari","3701.04","1857.47","1843.57","2878.86","1443.72","1435.15","822.18","413.76","408.42","143.42","72.36","71.06","139.06","70.09","68.98","4.36","2.28","2.09","651.46","327.96","323.49","560.97","282.24","278.74","90.48","45.73","44.76","1306.9","774.82","532.08","877.43","526.72","350.71","429.48","248.11","181.37","303.75","273.25","30.5","293.87","263.85","30.02","9.88","9.4","0.48","603.92","382.82","221.1","574.73","363.59","211.14","29.19","19.23","9.96","2293.31","907.67","3200.98"
"46","1991","1","Andhra Pradesh","East Godavari","4541.22","2272.96","2268.26","3460.42","1732.3","1728.12","1080.8","540.67","540.14","176.08","88.27","87.81","168.14","83.94","84.2","7.95","4.34","3.61","826.06","414.04","412.02","693.97","348.16","345.82","132.08","65.88","66.2","1854.36","1051.87","802.49","1249.25","715.63","533.62","605.11","336.24","268.87","249.1","221.8","27.3","239.2","212.3","26.9","9.9","9.5","0.4","842.4","568.2","274.2","795.3","534.2","261.1","47.1","34.0","13.0","3449.75","1091.5","4541.25"
"46","2001","1","Andhra Pradesh","East Godavari","4872.62","2445.81","2426.81","3735.91","1877.78","1858.13","1136.71","568.03","568.68","191.56","95.23","96.33","181.59","90.15","91.44","9.97","5.08","4.89","881.65","442.33","439.33","746.17","375.28","370.89","135.48","67.04","68.44","2813.12","1506.99","1306.13","2050.48","1100.88","949.6","762.64","406.11","356.53","219.49","193.49","26.0","212.67","186.98","25.68","6.82","6.51","0.31","987.87","654.63","333.23","945.16","623.2","321.96","42.7","31.43","11.27","2932.41","1207.36","4139.77"
"46","2011","1","Andhra Pradesh","East Godavari","5154.3","2569.69","2584.61","3840.32","1922.29","1918.03","1313.97","647.4","666.58","213.2","104.42","108.77","198.7","96.99","101.71","14.5","7.43","7.06","945.27","468.88","476.39","785.98","391.52","394.47","159.29","77.36","81.92","3288.58","1716.93","1571.64","2329.76","1223.69","1106.07","958.82","493.24","465.58","160.41","142.16","18.25","153.81","136.12","17.69","6.6","6.04","0.56","1122.05","756.9","365.15","1066.42","715.34","351.09","55.62","41.56","14.06","3060.62","1282.46","4343.08"
"47","1961","1","Andhra Pradesh","West Godavari","1978.26","993.02","985.24","1664.28","835.57","828.72","313.97","157.46","156.52","44.06","21.59","22.47","41.31","20.37","20.94","2.75","1.22","1.54","304.58","154.71","149.87","279.6","142.15","137.46","24.97","12.57","12.41","608.57","378.49","230.97","462.19","290.23","171.96","146.38","88.26","58.11","253.2","207.8","45.4","245.52","201.22","44.3","7.68","6.58","1.09","391.82","199.31","192.51","377.07","192.49","184.58","14.75","6.81","7.93","1333.24","645.02","1978.26"
"47","1971","1","Andhra Pradesh","West Godavari","2364.82","1185.8","1179.02","1944.2","974.84","969.36","420.62","210.96","209.66","51.72","25.89","25.83","48.46","24.22","24.25","3.26","1.67","1.59","340.3","172.91","167.4","310.04","157.67","152.37","30.26","15.24","15.02","826.38","488.86","337.52","615.08","366.11","248.97","211.3","122.75","88.55","216.82","203.0","13.82","208.65","195.32","13.34","8.17","7.68","0.48","479.61","271.84","207.76","454.13","257.25","196.88","25.48","14.59","10.88","1559.68","696.43","2256.11"
"47","1981","1","Andhra Pradesh","West Godavari","2873.96","1443.65","1430.31","2277.08","1143.03","1134.05","596.87","300.62","296.26","66.59","33.33","33.25","60.23","30.14","30.09","6.36","3.19","3.17","464.15","235.02","229.12","408.19","206.66","201.53","55.95","28.36","27.59","1080.95","629.15","451.8","769.3","450.11","319.19","311.65","179.04","132.61","255.82","234.66","21.16","246.16","225.63","20.53","9.66","9.03","0.63","587.8","326.05","261.75","550.07","304.57","245.5","37.74","21.48","16.26","1689.86","843.62","2533.48"
"47","1991","1","Andhra Pradesh","West Godavari","3517.57","1764.09","1753.48","2789.02","1399.93","1389.09","728.55","364.17","364.39","84.65","42.16","42.49","77.47","38.49","38.98","7.17","3.67","3.51","629.23","317.51","311.73","555.41","280.37","275.04","73.82","37.14","36.68","1584.07","888.38","695.68","1159.17","654.45","504.72","424.9","233.93","190.97","220.0","202.2","17.7","211.4","194.2","17.3","8.5","8.1","0.5","806.2","460.8","345.4","750.2","426.2","323.9","56.1","34.6","21.5","2491.39","1026.2","3517.59"
"47","2001","1","Andhra Pradesh","West Godavari","3796.14","1906.1","1890.04","3048.69","1535.94","1512.74","747.46","370.16","377.3","96.66","47.89","48.77","88.86","43.99","44.88","7.8","3.9","3.89","728.96","367.16","361.81","642.58","324.59","317.99","86.38","42.56","43.82","2484.27","1321.56","1162.71","1950.08","1041.86","908.22","534.19","279.7","254.48","209.17","189.46","19.71","202.76","183.4","19.36","6.42","6.06","0.35","955.81","556.01","399.8","902.91","521.98","380.93","52.9","34.03","18.87","2117.8","1164.98","3282.79"
"47","2011","1","Andhra Pradesh","West Godavari","3936.97","1964.92","1972.05","3128.19","1567.01","1561.18","808.78","397.91","410.87","109.07","53.37","55.71","99.66","48.66","51.0","9.41","4.71","4.71","811.7","403.69","408.01","710.7","355.15","355.55","101.0","48.54","52.46","2652.39","1379.22","1273.17","2035.63","1063.68","971.96","616.76","315.55","301.21","155.28","141.4","13.87","149.1","135.56","13.54","6.17","5.84","0.33","1061.79","631.76","430.03","1008.27","595.54","412.73","53.52","36.22","17.3","2163.85","1217.07","3380.92"
"48","1961","1","Andhra Pradesh","Krishna","2076.96","1058.32","1018.63","1588.73","808.1","780.63","488.22","250.22","238.0","37.47","19.18","18.29","31.48","16.12","15.36","6.0","3.07","2.93","223.33","114.45","108.89","197.7","101.4","96.3","25.63","13.04","12.59","647.06","410.68","235.38","417.38","269.2","148.19","229.67","141.48","88.19","264.28","209.94","54.34","255.66","202.51","53.15","8.62","7.43","1.18","371.67","175.09","196.58","357.35","167.98","189.37","14.32","7.11","7.21","1441.0","635.95","2076.96"
"48","1971","1","Andhra Pradesh","Krishna","2486.4","1265.93","1220.47","1807.85","917.85","890.0","678.54","348.07","330.47","50.74","25.94","24.81","43.36","22.08","21.28","7.38","3.85","3.53","250.65","128.1","122.55","217.45","111.08","106.37","33.2","17.02","16.18","868.76","528.04","340.72","516.11","318.62","197.49","352.65","209.42","143.23","210.69","194.76","15.93","200.95","185.55","15.41","9.74","9.21","0.53","418.05","231.8","186.26","397.41","218.92","178.49","20.64","12.87","7.77","1738.28","628.74","2367.02"
"48","1981","1","Andhra Pradesh","Krishna","3048.46","1546.34","1502.12","2056.4","1041.18","1015.22","992.06","505.16","486.9","66.93","34.19","32.73","52.55","26.85","25.7","14.38","7.35","7.03","425.3","217.12","208.18","349.33","178.21","171.12","75.96","38.9","37.06","1271.42","751.47","519.96","698.76","422.79","275.96","572.67","328.67","243.99","250.27","231.36","18.9","238.62","220.36","18.27","11.64","11.01","0.64","534.92","283.37","251.56","499.0","262.95","236.05","35.93","20.42","15.51","1826.93","785.19","2612.12"
"48","1991","1","Andhra Pradesh","Krishna","3698.83","1878.79","1820.04","2373.88","1207.09","1166.79","1324.95","671.7","653.26","91.77","47.11","44.66","70.77","36.39","34.38","21.0","10.72","10.28","613.23","313.28","299.95","497.31","254.64","242.67","115.92","58.64","57.28","1665.57","963.18","702.39","890.28","531.56","358.73","775.29","431.63","343.66","243.3","214.7","28.6","230.6","202.8","27.8","12.8","12.0","0.8","751.8","384.9","366.9","686.9","345.6","341.3","64.9","39.3","25.6","2703.7","995.1","3698.8"
"48","2001","1","Andhra Pradesh","Krishna","4172.98","2128.37","2044.61","2852.77","1443.4","1409.37","1320.21","684.97","635.25","107.61","55.2","52.41","88.71","45.51","43.2","18.9","9.69","9.21","746.83","378.33","368.5","629.36","320.02","309.34","117.47","58.31","59.16","2579.46","1402.83","1176.63","1655.49","911.02","744.47","923.97","491.81","432.17","212.92","180.51","32.41","205.01","174.28","30.73","7.91","6.23","1.68","877.78","440.31","437.47","843.56","420.01","423.54","34.22","20.3","13.93","2331.38","1090.7","3422.08"
"48","2011","1","Andhra Pradesh","Krishna","4517.4","2267.38","2250.02","2673.74","1343.53","1330.2","1843.66","923.84","919.82","132.46","66.73","65.73","93.92","47.29","46.62","38.55","19.44","19.11","871.06","435.41","435.65","665.62","333.8","331.82","205.44","101.61","103.83","3009.72","1598.96","1410.76","1657.59","891.61","765.98","1352.13","707.35","644.78","150.17","124.65","25.51","140.33","116.73","23.6","9.84","7.93","1.91","1006.98","518.83","488.14","933.72","476.17","457.55","73.26","42.66","30.59","2468.52","1157.15","3625.67"
"49","1961","1","Andhra Pradesh","Guntur","3009.9","1522.87","1487.04","2382.97","1205.86","1177.12","626.93","317.01","309.92","95.46","48.7","46.75","78.32","39.95","38.37","17.14","8.76","8.39","157.85","81.44","76.41","137.21","70.97","66.25","20.64","10.48","10.16","832.46","568.62","263.84","569.64","399.46","170.18","262.82","169.16","93.66","506.43","338.76","167.66","486.89","324.25","162.64","19.54","14.51","5.03","452.6","213.35","239.25","430.18","202.33","227.85","22.43","11.02","11.4","2050.87","959.03","3009.9"
"49","1971","1","Andhra Pradesh","Guntur","3721.63","1881.63","1840.0","2913.43","1472.12","1441.31","808.21","409.52","398.69","130.83","66.86","63.97","107.2","54.68","52.52","23.63","12.18","11.45","218.14","111.37","106.77","189.63","96.93","92.7","28.52","14.44","14.08","1070.29","709.04","361.25","700.29","478.48","221.81","370.01","230.56","139.44","394.15","353.31","40.83","379.44","339.55","39.89","14.71","13.76","0.95","638.67","340.82","297.86","604.71","319.71","285.01","33.96","21.11","12.85","2511.39","1032.82","3544.21"
"49","1981","1","Andhra Pradesh","Guntur","4506.32","2282.92","2223.41","3399.95","1720.96","1678.99","1106.37","561.95","544.41","175.56","90.09","85.46","137.81","70.56","67.24","37.75","19.53","18.22","488.3","249.71","238.59","412.21","210.29","201.92","76.1","39.42","36.67","1553.35","1007.37","545.98","1002.46","672.41","330.05","550.89","334.95","215.94","532.99","433.44","99.55","513.85","416.56","97.3","19.15","16.88","2.26","881.77","423.57","458.21","819.92","389.32","430.61","61.85","34.25","27.61","2528.26","1414.76","3943.02"
"49","1991","1","Andhra Pradesh","Guntur","5376.22","2728.7","2647.52","3980.72","2022.76","1957.96","1395.49","705.94","689.56","227.06","117.12","109.94","181.61","93.57","88.04","45.45","23.55","21.91","827.62","422.99","404.63","700.63","358.45","342.18","126.99","64.54","62.45","2050.94","1291.3","759.65","1315.56","861.1","454.45","735.39","430.19","305.2","539.6","407.0","132.5","520.6","390.5","130.1","19.0","16.5","2.5","1265.5","592.7","672.8","1155.1","532.6","622.5","110.4","60.0","50.5","3571.17","1805.1","5376.27"
"49","2001","1","Andhra Pradesh","Guntur","5856.23","2956.07","2900.16","4364.88","2206.75","2158.13","1491.35","749.33","742.03","262.55","134.01","128.54","216.06","110.4","105.65","46.5","23.61","22.89","1117.7","566.75","550.94","951.63","483.45","468.19","166.07","83.31","82.75","3191.17","1851.15","1340.02","2219.38","1313.89","905.49","971.79","537.27","434.52","565.22","386.13","179.1","552.54","375.31","177.24","12.68","10.82","1.86","1385.32","632.04","753.29","1312.49","593.93","718.56","72.83","38.1","34.73","2958.66","1950.55","4909.2"
"49","2011","1","Andhra Pradesh","Guntur","6450.64","3229.31","3221.32","4492.2","2257.5","2234.69","1958.45","971.81","986.64","316.62","160.38","156.24","248.13","126.07","122.05","68.49","34.3","34.19","1319.83","659.06","660.76","1061.24","533.19","528.05","258.58","125.88","132.7","3836.48","2144.27","1692.23","2458.45","1409.48","1048.97","1378.03","734.78","643.25","431.15","305.61","125.54","416.64","293.08","123.57","14.51","12.54","1.97","1637.0","754.21","882.79","1520.42","696.15","824.28","116.56","58.06","58.51","3286.75","2068.15","5354.9"
"50","1961","1","Andhra Pradesh","S.P.S. Nellore","2033.68","1018.46","1015.22","1810.0","904.07","905.93","223.68","114.39","109.29","131.51","68.39","63.12","115.57","60.14","55.43","15.94","8.24","7.7","335.33","168.84","166.49","318.17","159.86","158.31","17.16","8.98","8.18","429.75","306.17","123.57","325.62","240.22","85.4","104.13","65.95","38.18","414.67","255.48","159.19","408.47","250.8","157.67","6.2","4.68","1.51","314.33","143.67","170.67","305.08","138.89","166.19","9.25","4.78","4.48","1304.68","729.0","2033.68"
"50","1971","1","Andhra Pradesh","S.P.S. Nellore","2336.7","1176.51","1160.18","2002.1","1006.43","995.68","334.59","170.09","164.51","151.22","28.07","27.04","131.52","24.7","23.75","19.7","3.38","3.29","177.86","89.93","87.93","169.39","85.59","83.8","8.47","4.34","4.13","596.78","405.75","191.03","430.83","303.67","127.17","165.95","102.08","63.87","259.89","231.19","28.69","252.74","224.79","27.95","7.15","6.4","0.75","431.14","233.09","198.04","414.8","223.44","191.36","16.34","9.67","6.68","1541.22","691.03","2232.25"
"50","1981","1","Andhra Pradesh","S.P.S. Nellore","2900.12","1466.31","1433.81","2349.0","1184.82","1164.18","551.12","281.49","269.63","207.08","106.71","100.37","174.05","89.79","84.27","33.02","16.92","16.1","558.14","282.3","275.84","502.09","253.55","248.55","56.04","28.75","27.29","908.18","599.38","308.8","612.13","420.88","191.25","296.05","178.5","117.55","356.56","292.97","63.59","345.93","283.53","62.41","10.64","9.44","1.2","549.09","273.38","275.72","520.7","257.51","263.19","28.39","15.86","12.53","1644.87","905.65","2550.52"
"50","1991","1","Andhra Pradesh","S.P.S. Nellore","3440.74","1740.56","1700.19","2699.2","1365.8","1333.39","741.54","374.76","366.79","251.62","129.39","122.25","208.36","107.4","100.96","43.26","21.98","21.28","732.82","370.96","361.87","647.05","328.06","318.99","85.77","42.9","42.88","1326.51","835.27","491.24","901.25","590.43","310.81","425.26","244.84","180.42","346.2","270.7","75.4","334.9","260.7","74.2","11.2","10.1","1.2","735.0","359.4","375.7","691.8","334.0","357.9","43.1","25.3","17.8","2359.59","1081.2","3440.79"
"50","2001","1","Andhra Pradesh","S.P.S. Nellore","3820.54","1930.15","1890.39","3039.56","1535.72","1503.84","780.98","394.43","386.55","287.19","146.6","140.58","248.93","127.37","121.56","38.26","19.25","19.02","834.73","421.25","413.48","742.08","374.96","367.12","92.65","46.29","46.36","2136.16","1239.97","896.19","1596.64","946.31","650.33","539.52","293.66","245.86","360.53","261.57","98.95","353.22","255.14","98.08","7.31","6.44","0.87","797.53","376.2","421.33","775.12","363.06","412.06","22.41","13.14","9.27","2024.57","1158.06","3182.63"
"50","2011","1","Andhra Pradesh","S.P.S. Nellore","4254.59","2144.58","2110.0","3144.42","1586.21","1558.21","1110.17","558.37","551.8","343.44","174.31","169.13","288.24","146.48","141.76","55.2","27.83","27.37","965.98","483.62","482.36","810.04","406.62","403.43","155.93","77.0","78.93","2555.88","1432.84","1123.04","1743.27","996.93","746.34","812.61","435.92","376.69","271.92","209.88","62.05","262.48","201.54","60.95","9.44","8.34","1.1","963.16","468.27","494.89","928.27","446.92","481.35","34.89","21.35","13.54","2293.81","1235.08","3528.89"
"51","1961","1","Andhra Pradesh","Kurnool","1908.74","964.55","944.19","1541.76","777.34","764.42","366.98","187.21","179.77","30.64","15.61","15.03","27.81","14.16","13.65","2.83","1.44","1.39","196.08","98.05","98.04","167.13","83.45","83.68","28.95","14.6","14.35","408.6","317.72","90.88","278.44","227.03","51.41","130.16","90.69","39.47","351.33","226.75","124.58","335.2","215.8","119.4","16.14","10.95","5.19","336.61","150.4","186.21","314.27","140.84","173.42","22.35","9.56","12.79","1220.8","687.95","1908.74"
"51","1971","1","Andhra Pradesh","Kurnool","2286.84","1160.27","1126.58","1850.61","937.07","913.53","436.24","223.2","213.04","41.23","21.03","20.2","35.73","18.26","17.47","5.5","2.77","2.73","251.3","127.18","124.11","215.06","108.94","106.13","36.23","18.24","17.99","540.43","398.96","141.47","367.8","283.16","84.64","175.63","115.8","59.83","263.66","225.32","38.34","255.44","218.27","37.17","8.22","7.05","1.17","447.12","216.05","231.08","422.28","203.71","218.58","24.84","12.34","12.5","1459.47","710.78","2170.25"
"51","1981","1","Andhra Pradesh","Kurnool","2780.03","1415.4","1364.63","2134.55","1083.82","1050.73","645.48","331.59","313.89","52.37","26.9","25.47","44.03","22.57","21.47","8.34","4.34","4.0","435.65","222.26","213.38","361.04","183.96","177.08","74.6","38.3","36.3","801.12","566.61","234.52","508.9","378.41","130.48","292.23","188.19","104.04","331.24","261.7","69.55","321.24","253.08","68.16","10.0","8.62","1.38","571.4","263.52","307.89","534.45","244.34","290.11","36.95","19.18","17.77","1548.86","902.64","2451.5"
"51","1991","1","Andhra Pradesh","Kurnool","3414.49","1746.7","1667.8","2573.76","1315.94","1257.83","840.72","430.75","409.97","72.28","37.37","34.9","58.46","30.0","28.47","13.8","7.37","6.44","606.53","310.93","295.6","496.67","255.06","241.6","109.87","55.87","54.0","1116.74","760.02","356.72","702.99","505.81","197.19","413.75","254.22","159.53","385.8","285.6","100.2","374.4","276.0","98.4","11.4","9.7","1.8","768.0","353.6","414.4","713.4","324.0","389.5","54.7","29.7","25.0","2260.63","1153.8","3414.43"
"51","2001","1","Andhra Pradesh","Kurnool","4001.06","2035.45","1965.6","3133.72","1594.53","1539.19","867.34","440.93","426.41","88.56","45.81","42.75","74.1","38.24","35.86","14.46","7.57","6.88","732.88","373.38","359.5","607.32","310.15","297.17","125.56","63.22","62.32","1877.59","1176.19","701.41","1370.94","881.83","489.11","506.66","294.36","212.3","451.27","295.54","155.72","443.58","289.36","154.21","7.69","6.18","1.51","909.81","390.71","519.1","877.51","376.16","501.35","32.3","14.55","17.76","2009.83","1361.08","3370.9"
"51","2011","1","Andhra Pradesh","Kurnool","4597.05","2313.59","2283.47","3341.44","1685.79","1655.65","1255.62","627.8","627.82","107.01","54.32","52.7","84.64","42.71","41.92","22.38","11.61","10.78","864.01","433.78","430.23","680.74","343.96","336.78","183.26","89.82","93.45","2431.87","1423.6","1008.27","1620.21","977.92","642.28","811.66","445.68","365.99","355.75","236.57","119.2","345.2","228.64","116.56","10.55","7.93","2.63","1179.58","532.52","647.06","1119.01","503.58","615.43","60.57","28.95","31.62","2295.54","1535.33","3830.87"
"52","1961","1","Andhra Pradesh","Ananthapur","1767.46","908.25","859.21","1459.84","749.27","710.57","307.63","158.98","148.65","48.5","24.78","23.73","46.93","23.96","22.98","1.57","0.82","0.75","236.29","121.04","115.25","213.83","109.53","104.3","22.45","11.51","10.95","364.26","287.68","76.58","239.93","201.25","38.68","124.33","86.42","37.91","443.04","270.72","172.32","430.69","262.31","168.38","12.35","8.42","3.94","236.78","103.54","133.24","226.69","99.0","127.69","10.09","4.54","5.55","1087.64","679.82","1767.46"
"52","1971","1","Andhra Pradesh","Ananthapur","2115.36","1086.24","1029.12","1739.94","892.57","847.37","375.42","193.67","181.75","64.88","33.11","31.76","61.93","31.6","30.33","2.95","1.51","1.44","278.28","142.25","136.03","252.62","129.15","123.47","25.66","13.1","12.55","500.85","376.72","124.13","329.27","263.67","65.61","171.58","113.05","58.52","332.4","271.03","61.37","324.36","263.83","60.52","8.04","7.2","0.85","343.83","165.68","178.15","329.24","157.41","171.83","14.6","8.27","6.33","1344.73","676.23","2020.96"
"52","1981","1","Andhra Pradesh","Ananthapur","2548.01","1309.53","1238.48","2017.1","1034.78","982.32","530.92","274.75","256.17","82.03","41.84","40.19","75.06","38.02","37.03","6.97","3.81","3.16","348.78","180.18","168.6","300.84","154.1","146.74","47.94","26.08","21.86","739.34","534.8","204.54","474.14","362.68","111.46","265.2","172.12","93.08","438.04","333.43","104.62","428.57","325.09","103.49","9.47","8.34","1.13","388.39","181.01","207.38","366.64","167.75","198.89","21.75","13.26","8.49","1461.01","826.43","2287.44"
"52","1991","1","Andhra Pradesh","Ananthapur","3183.81","1636.0","1547.82","2435.76","1252.82","1182.94","748.05","383.18","364.88","111.21","57.47","53.74","99.13","51.11","48.02","12.08","6.36","5.72","451.81","232.06","219.76","386.02","198.6","187.42","65.79","33.46","32.33","1115.35","761.08","354.28","729.67","523.9","205.77","385.69","237.18","148.51","490.4","358.1","132.3","478.8","348.1","130.7","11.5","10.0","1.6","533.5","248.9","284.6","498.7","228.1","270.6","34.8","20.9","13.9","2159.91","1023.9","3183.81"
"52","2001","1","Andhra Pradesh","Ananthapur","3639.3","1859.5","1779.8","2719.23","1391.21","1328.02","920.08","468.29","451.79","127.16","65.72","61.44","111.46","57.64","53.82","15.7","8.08","7.62","514.9","263.29","251.61","435.95","223.45","212.51","78.94","39.85","39.1","1802.7","1120.71","681.99","1232.54","789.61","442.93","570.16","331.1","239.06","536.0","355.07","180.92","525.73","346.55","179.18","10.27","8.53","1.74","669.41","285.79","383.61","641.99","272.28","369.71","27.42","13.52","13.9","1861.76","1205.4","3067.17"
"52","2011","1","Andhra Pradesh","Ananthapur","4081.15","2064.5","2016.65","2935.44","1489.16","1446.28","1145.71","575.34","570.37","154.13","78.57","75.55","126.36","64.56","61.8","27.77","14.01","13.76","583.14","292.38","290.76","475.93","239.6","236.33","107.21","52.78","54.43","2310.96","1338.47","972.49","1546.39","917.06","629.34","764.57","421.42","343.15","413.25","278.36","134.89","402.4","269.44","132.96","10.85","8.92","1.93","879.54","394.36","485.18","844.06","377.25","466.81","35.48","17.1","18.37","2044.98","1292.79","3337.77"
"53","1961","1","Andhra Pradesh","Kadapa YSR","1342.02","978.45","936.19","1164.9","594.96","569.94","177.11","90.63","86.48","50.93","26.37","24.56","47.95","24.8","23.16","2.98","1.58","1.4","340.13","172.75","167.38","324.78","164.77","160.01","15.35","7.99","7.37","400.88","308.97","91.91","301.55","242.77","58.78","99.33","66.2","33.13","544.58","331.47","213.11","535.7","325.46","210.24","8.88","6.01","2.87","252.36","121.78","130.58","244.19","118.1","126.1","8.17","3.69","4.48","1117.7","796.94","1914.64"
"53","1971","1","Andhra Pradesh","Kadapa YSR","1575.99","804.57","771.42","1352.26","689.49","662.78","223.73","115.09","108.64","26.61","13.86","12.75","24.95","12.97","11.98","1.66","0.89","0.77","171.65","87.04","84.61","161.49","81.84","79.65","10.16","5.2","4.96","392.43","295.5","96.93","289.87","227.84","62.03","102.56","67.66","34.9","203.42","184.41","19.02","198.26","179.74","18.52","5.16","4.67","0.49","253.65","139.02","114.63","245.49","134.31","111.18","8.16","4.71","3.45","1033.29","457.07","1490.36"
"53","1981","1","Andhra Pradesh","Kadapa YSR","1933.3","986.71","946.6","1558.8","794.65","764.15","374.5","192.05","182.45","37.58","19.59","17.99","34.23","17.82","16.41","3.35","1.77","1.58","250.94","128.19","122.75","225.39","114.99","110.4","25.56","13.2","12.36","601.54","433.29","168.25","418.64","315.35","103.29","182.9","117.94","64.96","256.3","215.05","41.25","249.78","209.26","40.52","6.52","5.79","0.73","302.61","155.01","147.59","289.8","147.32","142.49","12.8","7.7","5.11","1138.32","558.91","1697.23"
"53","1991","1","Andhra Pradesh","Kadapa YSR","2267.77","1159.96","1107.81","1722.8","881.9","840.89","544.97","278.06","266.91","104.94","54.1","50.84","93.92","48.39","45.53","11.02","5.71","5.31","599.52","305.2","294.32","540.84","275.25","265.59","58.68","29.95","28.73","925.73","622.06","303.67","624.39","439.38","185.02","301.34","182.69","118.65","528.5","373.2","155.3","519.5","365.3","154.1","9.0","7.8","1.2","490.4","260.2","230.1","467.7","245.8","221.9","22.7","14.4","8.3","1248.9","1018.9","2267.8"
"53","2001","1","Andhra Pradesh","Kadapa YSR","2573.48","1303.16","1270.32","1972.99","999.81","973.18","600.49","303.35","297.14","128.09","65.05","63.04","111.88","27.45","25.74","16.21","4.19","3.99","702.32","353.44","348.88","619.65","181.75","176.9","82.67","25.56","25.29","1440.74","875.88","564.86","1053.81","654.02","399.79","386.93","221.87","165.07","283.82","202.54","81.29","278.37","197.97","80.41","5.45","4.57","0.88","454.93","212.7","242.24","439.76","205.8","233.96","15.18","6.9","8.28","820.5","738.76","1559.26"
"53","2011","1","Andhra Pradesh","Kadapa YSR","2882.47","1451.78","1430.69","1903.34","959.69","943.64","979.13","492.08","487.05","75.89","38.57","37.32","58.18","29.75","28.43","17.71","8.82","8.89","465.79","232.12","233.67","355.35","177.59","177.76","110.44","54.53","55.91","1716.77","994.7","722.07","1062.36","630.94","431.42","654.41","363.76","290.65","243.61","176.56","67.05","229.28","164.86","64.42","14.32","11.7","2.62","542.46","248.03","294.43","499.46","226.64","272.83","42.99","21.39","21.6","1562.07","786.07","2348.14"
"54","1961","1","Andhra Pradesh","Chittoor","1914.64","685.6","656.42","1695.04","865.11","829.93","219.6","113.34","106.26","22.46","11.68","10.77","21.27","11.08","10.19","1.19","0.61","0.58","148.62","75.35","73.27","139.25","70.49","68.76","9.37","4.86","4.51","291.95","230.57","61.38","222.61","182.7","39.91","69.34","47.87","21.47","301.76","188.59","113.16","294.96","183.73","111.24","6.79","4.87","1.93","200.52","91.23","109.29","193.19","87.99","105.2","7.34","3.24","4.09","839.74","502.28","1342.02"
"54","1971","1","Andhra Pradesh","Chittoor","2281.41","1163.55","1117.86","1975.9","1005.63","970.27","305.52","157.93","147.59","66.8","34.27","32.53","62.38","32.06","30.32","4.42","2.21","2.21","399.14","203.2","195.94","378.52","192.54","185.99","20.62","10.67","9.95","577.5","418.88","158.62","426.28","322.93","103.35","151.22","95.95","55.27","409.97","336.75","73.23","402.99","330.54","72.46","6.98","6.21","0.77","317.55","176.12","141.43","307.96","170.7","137.26","9.59","5.42","4.18","1464.97","727.52","2192.49"
"54","1981","1","Andhra Pradesh","Chittoor","2737.32","1392.61","1344.71","2275.17","1154.61","1120.57","462.14","238.0","224.14","78.83","40.69","38.15","71.36","36.81","34.55","7.48","3.88","3.6","478.88","242.91","235.97","443.17","224.24","218.93","35.71","18.67","17.04","871.84","599.68","272.17","613.3","441.48","171.82","258.55","158.19","100.35","503.5","381.43","122.08","494.9","373.87","121.03","8.6","7.56","1.05","368.26","197.02","171.24","353.31","188.29","165.02","14.95","8.73","6.22","1584.74","871.76","2456.5"
"54","1991","1","Andhra Pradesh","Chittoor","3261.12","1658.51","1602.61","2615.29","1327.79","1287.5","645.83","330.73","315.11","47.41","24.62","22.8","40.76","21.13","19.63","6.65","3.49","3.16","337.94","173.58","164.36","291.91","150.23","141.68","46.03","23.35","22.68","1383.28","885.6","497.69","983.76","653.59","330.17","399.52","232.0","167.52","272.5","221.3","51.3","263.3","213.2","50.1","9.3","8.1","1.2","368.5","189.8","178.6","345.9","176.0","169.9","22.6","13.9","8.7","2620.1","641.0","3261.1"
"54","2001","1","Andhra Pradesh","Chittoor","3735.2","1883.45","1851.75","2925.19","1472.42","1452.76","810.02","411.03","398.99","61.37","31.64","29.73","53.19","56.92","54.96","8.18","8.13","8.07","409.49","207.3","202.19","358.64","311.79","307.86","50.85","41.65","41.02","2208.86","1290.49","918.37","1627.13","967.79","659.34","581.73","322.7","259.03","534.01","338.34","195.67","528.73","333.73","195.0","5.28","4.61","0.67","628.4","309.25","319.15","615.7","301.58","314.13","12.7","7.67","5.03","2569.63","1162.41","3732.04"
"54","2011","1","Andhra Pradesh","Chittoor","4174.06","2090.2","2083.86","2942.68","1474.05","1468.63","1231.39","616.15","615.23","159.17","79.76","79.41","128.75","64.88","63.87","30.41","14.88","15.54","785.76","389.58","396.18","647.42","321.94","325.48","138.34","67.64","70.7","2667.88","1484.79","1183.08","1757.22","998.75","758.47","910.66","486.04","424.62","434.54","274.67","159.87","425.26","267.17","158.09","9.28","7.5","1.78","748.09","373.78","374.31","720.38","357.33","363.05","27.71","16.45","11.26","2240.71","1182.63","3423.34"