"Dist Code","Year","State Code","State Name","Dist Name","BANKS NUMBER (Number)","POST OFFICES NUMBER (Number)"
"44","1970","1","Andhra Pradesh","Srikakulam","-1.0","753.0"
"44","1971","1","Andhra Pradesh","Srikakulam","-1.0","760.0"
"44","1972","1","Andhra Pradesh","Srikakulam","-1.0","741.0"
"44","1973","1","Andhra Pradesh","Srikakulam","47.0","745.0"
"44","1974","1","Andhra Pradesh","Srikakulam","-1.0","740.0"
"44","1975","1","Andhra Pradesh","Srikakulam","50.0","743.0"
"44","1976","1","Andhra Pradesh","Srikakulam","84.0","755.0"
"44","1977","1","Andhra Pradesh","Srikakulam","90.0","757.0"
"44","1978","1","Andhra Pradesh","Srikakulam","96.0","774.0"
"44","1979","1","Andhra Pradesh","Srikakulam","99.0","1296.0"
"44","1980","1","Andhra Pradesh","Srikakulam","116.0","1041.0"
"44","1981","1","Andhra Pradesh","Srikakulam","124.0","1053.0"
"44","1982","1","Andhra Pradesh","Srikakulam","134.0","1058.0"
"44","1983","1","Andhra Pradesh","Srikakulam","146.0","862.0"
"44","1984","1","Andhra Pradesh","Srikakulam","157.0","908.0"
"44","1985","1","Andhra Pradesh","Srikakulam","182.0","858.0"
"44","1986","1","Andhra Pradesh","Srikakulam","182.0","886.0"
"44","1987","1","Andhra Pradesh","Srikakulam","185.0","857.0"
"44","1989","1","Andhra Pradesh","Srikakulam","-1.0","869.0"
"44","1990","1","Andhra Pradesh","Srikakulam","201.0","869.0"
"44","1991","1","Andhra Pradesh","Srikakulam","-1.0","900.0"
"44","1992","1","Andhra Pradesh","Srikakulam","202.0","-1.0"
"44","1993","1","Andhra Pradesh","Srikakulam","-1.0","904.0"
"44","1994","1","Andhra Pradesh","Srikakulam","-1.0","874.0"
"44","1995","1","Andhra Pradesh","Srikakulam","205.0","904.0"
"44","1996","1","Andhra Pradesh","Srikakulam","201.0","904.0"
"44","1997","1","Andhra Pradesh","Srikakulam","201.0","875.0"
"44","1998","1","Andhra Pradesh","Srikakulam","204.0","906.0"
"44","1999","1","Andhra Pradesh","Srikakulam","207.0","906.0"
"44","2000","1","Andhra Pradesh","Srikakulam","207.0","907.0"
"44","2001","1","Andhra Pradesh","Srikakulam","206.0","908.0"
"44","2002","1","Andhra Pradesh","Srikakulam","205.0","908.0"
"44","2003","1","Andhra Pradesh","Srikakulam","204.0","879.0"
"44","2004","1","Andhra Pradesh","Srikakulam","203.0","879.0"
"44","2005","1","Andhra Pradesh","Srikakulam","-1.0","876.0"
"44","2006","1","Andhra Pradesh","Srikakulam","204.0","876.0"
"44","2007","1","Andhra Pradesh","Srikakulam","221.0","876.0"
"44","2008","1","Andhra Pradesh","Srikakulam","230.0","876.0"
"44","2009","1","Andhra Pradesh","Srikakulam","248.0","868.0"
"44","2010","1","Andhra Pradesh","Srikakulam","270.0","868.0"
"44","2011","1","Andhra Pradesh","Srikakulam","289.0","868.0"
"44","2013","1","Andhra Pradesh","Srikakulam","325.0","868.0"
"44","2014","1","Andhra Pradesh","Srikakulam","903.0","903.0"
"44","2015","1","Andhra Pradesh","Srikakulam","411.0","896.0"
"45","1970","1","Andhra Pradesh","Visakhapatnam","-1.0","710.0"
"45","1971","1","Andhra Pradesh","Visakhapatnam","-1.0","724.0"
"45","1972","1","Andhra Pradesh","Visakhapatnam","-1.0","759.0"
"45","1973","1","Andhra Pradesh","Visakhapatnam","89.0","764.0"
"45","1974","1","Andhra Pradesh","Visakhapatnam","-1.0","762.0"
"45","1975","1","Andhra Pradesh","Visakhapatnam","104.0","772.0"
"45","1976","1","Andhra Pradesh","Visakhapatnam","137.0","781.0"
"45","1977","1","Andhra Pradesh","Visakhapatnam","145.0","799.0"
"45","1978","1","Andhra Pradesh","Visakhapatnam","153.0","823.0"
"45","1979","1","Andhra Pradesh","Visakhapatnam","161.0","894.0"
"45","1980","1","Andhra Pradesh","Visakhapatnam","181.0","824.0"
"45","1981","1","Andhra Pradesh","Visakhapatnam","197.0","830.0"
"45","1982","1","Andhra Pradesh","Visakhapatnam","213.0","835.0"
"45","1983","1","Andhra Pradesh","Visakhapatnam","224.0","1059.0"
"45","1984","1","Andhra Pradesh","Visakhapatnam","241.0","1028.0"
"45","1985","1","Andhra Pradesh","Visakhapatnam","258.0","1050.0"
"45","1986","1","Andhra Pradesh","Visakhapatnam","258.0","1012.0"
"45","1987","1","Andhra Pradesh","Visakhapatnam","263.0","1042.0"
"45","1989","1","Andhra Pradesh","Visakhapatnam","-1.0","1052.0"
"45","1990","1","Andhra Pradesh","Visakhapatnam","286.0","1052.0"
"45","1991","1","Andhra Pradesh","Visakhapatnam","-1.0","1025.0"
"45","1992","1","Andhra Pradesh","Visakhapatnam","299.0","-1.0"
"45","1993","1","Andhra Pradesh","Visakhapatnam","-1.0","1024.0"
"45","1994","1","Andhra Pradesh","Visakhapatnam","-1.0","1052.0"
"45","1995","1","Andhra Pradesh","Visakhapatnam","310.0","1016.0"
"45","1996","1","Andhra Pradesh","Visakhapatnam","335.0","1017.0"
"45","1997","1","Andhra Pradesh","Visakhapatnam","337.0","1051.0"
"45","1998","1","Andhra Pradesh","Visakhapatnam","347.0","1020.0"
"45","1999","1","Andhra Pradesh","Visakhapatnam","364.0","1022.0"
"45","2000","1","Andhra Pradesh","Visakhapatnam","364.0","1022.0"
"45","2001","1","Andhra Pradesh","Visakhapatnam","364.0","1022.0"
"45","2002","1","Andhra Pradesh","Visakhapatnam","354.0","1022.0"
"45","2003","1","Andhra Pradesh","Visakhapatnam","352.0","1064.0"
"45","2004","1","Andhra Pradesh","Visakhapatnam","368.0","1063.0"
"45","2005","1","Andhra Pradesh","Visakhapatnam","-1.0","1059.0"
"45","2006","1","Andhra Pradesh","Visakhapatnam","384.0","1054.0"
"45","2007","1","Andhra Pradesh","Visakhapatnam","422.0","1054.0"
"45","2008","1","Andhra Pradesh","Visakhapatnam","457.0","1054.0"
"45","2009","1","Andhra Pradesh","Visakhapatnam","483.0","1059.0"
"45","2010","1","Andhra Pradesh","Visakhapatnam","514.0","1058.0"
"45","2011","1","Andhra Pradesh","Visakhapatnam","559.0","1058.0"
"45","2013","1","Andhra Pradesh","Visakhapatnam","671.0","1059.0"
"45","2014","1","Andhra Pradesh","Visakhapatnam","1025.0","1025.0"
"45","2015","1","Andhra Pradesh","Visakhapatnam","845.0","1028.0"
"46","1970","1","Andhra Pradesh","East Godavari","-1.0","696.0"
"46","1971","1","Andhra Pradesh","East Godavari","-1.0","700.0"
"46","1972","1","Andhra Pradesh","East Godavari","-1.0","714.0"
"46","1973","1","Andhra Pradesh","East Godavari","109.0","718.0"
"46","1974","1","Andhra Pradesh","East Godavari","-1.0","719.0"
"46","1975","1","Andhra Pradesh","East Godavari","129.0","722.0"
"46","1976","1","Andhra Pradesh","East Godavari","153.0","745.0"
"46","1977","1","Andhra Pradesh","East Godavari","159.0","756.0"
"46","1978","1","Andhra Pradesh","East Godavari","171.0","783.0"
"46","1979","1","Andhra Pradesh","East Godavari","174.0","979.0"
"46","1980","1","Andhra Pradesh","East Godavari","199.0","872.0"
"46","1981","1","Andhra Pradesh","East Godavari","215.0","876.0"
"46","1982","1","Andhra Pradesh","East Godavari","221.0","1576.0"
"46","1983","1","Andhra Pradesh","East Godavari","239.0","882.0"
"46","1984","1","Andhra Pradesh","East Godavari","253.0","885.0"
"46","1985","1","Andhra Pradesh","East Godavari","260.0","865.0"
"46","1986","1","Andhra Pradesh","East Godavari","260.0","860.0"
"46","1987","1","Andhra Pradesh","East Godavari","268.0","860.0"
"46","1989","1","Andhra Pradesh","East Godavari","-1.0","866.0"
"46","1990","1","Andhra Pradesh","East Godavari","294.0","866.0"
"46","1991","1","Andhra Pradesh","East Godavari","-1.0","859.0"
"46","1992","1","Andhra Pradesh","East Godavari","304.0","-1.0"
"46","1993","1","Andhra Pradesh","East Godavari","-1.0","863.0"
"46","1994","1","Andhra Pradesh","East Godavari","-1.0","859.0"
"46","1995","1","Andhra Pradesh","East Godavari","315.0","863.0"
"46","1996","1","Andhra Pradesh","East Godavari","321.0","863.0"
"46","1997","1","Andhra Pradesh","East Godavari","322.0","860.0"
"46","1998","1","Andhra Pradesh","East Godavari","324.0","863.0"
"46","1999","1","Andhra Pradesh","East Godavari","325.0","863.0"
"46","2000","1","Andhra Pradesh","East Godavari","327.0","863.0"
"46","2001","1","Andhra Pradesh","East Godavari","331.0","863.0"
"46","2002","1","Andhra Pradesh","East Godavari","333.0","863.0"
"46","2003","1","Andhra Pradesh","East Godavari","334.0","860.0"
"46","2004","1","Andhra Pradesh","East Godavari","341.0","856.0"
"46","2005","1","Andhra Pradesh","East Godavari","-1.0","857.0"
"46","2006","1","Andhra Pradesh","East Godavari","353.0","851.0"
"46","2007","1","Andhra Pradesh","East Godavari","382.0","853.0"
"46","2008","1","Andhra Pradesh","East Godavari","396.0","853.0"
"46","2009","1","Andhra Pradesh","East Godavari","416.0","853.0"
"46","2010","1","Andhra Pradesh","East Godavari","436.0","853.0"
"46","2011","1","Andhra Pradesh","East Godavari","475.0","853.0"
"46","2013","1","Andhra Pradesh","East Godavari","582.0","853.0"
"46","2014","1","Andhra Pradesh","East Godavari","853.0","853.0"
"46","2015","1","Andhra Pradesh","East Godavari","688.0","843.0"
"47","1970","1","Andhra Pradesh","West Godavari","-1.0","638.0"
"47","1971","1","Andhra Pradesh","West Godavari","-1.0","645.0"
"47","1972","1","Andhra Pradesh","West Godavari","-1.0","656.0"
"47","1973","1","Andhra Pradesh","West Godavari","90.0","657.0"
"47","1974","1","Andhra Pradesh","West Godavari","-1.0","657.0"
"47","1975","1","Andhra Pradesh","West Godavari","111.0","659.0"
"47","1976","1","Andhra Pradesh","West Godavari","130.0","678.0"
"47","1977","1","Andhra Pradesh","West Godavari","133.0","683.0"
"47","1978","1","Andhra Pradesh","West Godavari","140.0","700.0"
"47","1979","1","Andhra Pradesh","West Godavari","142.0","743.0"
"47","1980","1","Andhra Pradesh","West Godavari","144.0","763.0"
"47","1981","1","Andhra Pradesh","West Godavari","158.0","764.0"
"47","1982","1","Andhra Pradesh","West Godavari","184.0","762.0"
"47","1983","1","Andhra Pradesh","West Godavari","194.0","777.0"
"47","1984","1","Andhra Pradesh","West Godavari","209.0","769.0"
"47","1985","1","Andhra Pradesh","West Godavari","217.0","756.0"
"47","1986","1","Andhra Pradesh","West Godavari","218.0","754.0"
"47","1987","1","Andhra Pradesh","West Godavari","225.0","754.0"
"47","1989","1","Andhra Pradesh","West Godavari","-1.0","765.0"
"47","1990","1","Andhra Pradesh","West Godavari","247.0","765.0"
"47","1991","1","Andhra Pradesh","West Godavari","-1.0","755.0"
"47","1992","1","Andhra Pradesh","West Godavari","250.0","-1.0"
"47","1993","1","Andhra Pradesh","West Godavari","-1.0","754.0"
"47","1994","1","Andhra Pradesh","West Godavari","-1.0","754.0"
"47","1995","1","Andhra Pradesh","West Godavari","265.0","754.0"
"47","1996","1","Andhra Pradesh","West Godavari","273.0","754.0"
"47","1997","1","Andhra Pradesh","West Godavari","274.0","754.0"
"47","1998","1","Andhra Pradesh","West Godavari","274.0","754.0"
"47","1999","1","Andhra Pradesh","West Godavari","275.0","755.0"
"47","2000","1","Andhra Pradesh","West Godavari","275.0","756.0"
"47","2001","1","Andhra Pradesh","West Godavari","278.0","756.0"
"47","2002","1","Andhra Pradesh","West Godavari","275.0","756.0"
"47","2003","1","Andhra Pradesh","West Godavari","281.0","754.0"
"47","2004","1","Andhra Pradesh","West Godavari","288.0","753.0"
"47","2005","1","Andhra Pradesh","West Godavari","-1.0","765.0"
"47","2006","1","Andhra Pradesh","West Godavari","294.0","757.0"
"47","2007","1","Andhra Pradesh","West Godavari","302.0","757.0"
"47","2008","1","Andhra Pradesh","West Godavari","318.0","757.0"
"47","2009","1","Andhra Pradesh","West Godavari","342.0","758.0"
"47","2010","1","Andhra Pradesh","West Godavari","354.0","757.0"
"47","2011","1","Andhra Pradesh","West Godavari","385.0","757.0"
"47","2013","1","Andhra Pradesh","West Godavari","465.0","757.0"
"47","2014","1","Andhra Pradesh","West Godavari","759.0","759.0"
"47","2015","1","Andhra Pradesh","West Godavari","538.0","756.0"
"48","1970","1","Andhra Pradesh","Krishna","-1.0","738.0"
"48","1971","1","Andhra Pradesh","Krishna","-1.0","746.0"
"48","1972","1","Andhra Pradesh","Krishna","-1.0","761.0"
"48","1973","1","Andhra Pradesh","Krishna","106.0","765.0"
"48","1974","1","Andhra Pradesh","Krishna","-1.0","765.0"
"48","1975","1","Andhra Pradesh","Krishna","135.0","765.0"
"48","1976","1","Andhra Pradesh","Krishna","161.0","792.0"
"48","1977","1","Andhra Pradesh","Krishna","168.0","797.0"
"48","1978","1","Andhra Pradesh","Krishna","177.0","782.0"
"48","1979","1","Andhra Pradesh","Krishna","180.0","831.0"
"48","1980","1","Andhra Pradesh","Krishna","183.0","877.0"
"48","1981","1","Andhra Pradesh","Krishna","207.0","883.0"
"48","1982","1","Andhra Pradesh","Krishna","219.0","894.0"
"48","1983","1","Andhra Pradesh","Krishna","237.0","894.0"
"48","1984","1","Andhra Pradesh","Krishna","253.0","898.0"
"48","1985","1","Andhra Pradesh","Krishna","264.0","852.0"
"48","1986","1","Andhra Pradesh","Krishna","270.0","845.0"
"48","1987","1","Andhra Pradesh","Krishna","272.0","845.0"
"48","1989","1","Andhra Pradesh","Krishna","-1.0","847.0"
"48","1990","1","Andhra Pradesh","Krishna","298.0","847.0"
"48","1991","1","Andhra Pradesh","Krishna","-1.0","824.0"
"48","1992","1","Andhra Pradesh","Krishna","304.0","-1.0"
"48","1993","1","Andhra Pradesh","Krishna","-1.0","816.0"
"48","1994","1","Andhra Pradesh","Krishna","-1.0","815.0"
"48","1995","1","Andhra Pradesh","Krishna","318.0","815.0"
"48","1996","1","Andhra Pradesh","Krishna","345.0","815.0"
"48","1997","1","Andhra Pradesh","Krishna","346.0","816.0"
"48","1998","1","Andhra Pradesh","Krishna","351.0","816.0"
"48","1999","1","Andhra Pradesh","Krishna","356.0","816.0"
"48","2000","1","Andhra Pradesh","Krishna","360.0","816.0"
"48","2001","1","Andhra Pradesh","Krishna","362.0","816.0"
"48","2002","1","Andhra Pradesh","Krishna","347.0","816.0"
"48","2003","1","Andhra Pradesh","Krishna","351.0","820.0"
"48","2004","1","Andhra Pradesh","Krishna","359.0","820.0"
"48","2005","1","Andhra Pradesh","Krishna","-1.0","823.0"
"48","2006","1","Andhra Pradesh","Krishna","370.0","817.0"
"48","2007","1","Andhra Pradesh","Krishna","406.0","817.0"
"48","2008","1","Andhra Pradesh","Krishna","443.0","817.0"
"48","2009","1","Andhra Pradesh","Krishna","468.0","817.0"
"48","2010","1","Andhra Pradesh","Krishna","496.0","818.0"
"48","2011","1","Andhra Pradesh","Krishna","529.0","818.0"
"48","2013","1","Andhra Pradesh","Krishna","635.0","818.0"
"48","2014","1","Andhra Pradesh","Krishna","826.0","826.0"
"48","2015","1","Andhra Pradesh","Krishna","721.0","818.0"
"49","1970","1","Andhra Pradesh","Guntur","-1.0","939.0"
"49","1971","1","Andhra Pradesh","Guntur","-1.0","1194.0"
"49","1972","1","Andhra Pradesh","Guntur","-1.0","1209.0"
"49","1973","1","Andhra Pradesh","Guntur","120.0","1213.0"
"49","1974","1","Andhra Pradesh","Guntur","-1.0","1213.0"
"49","1975","1","Andhra Pradesh","Guntur","149.0","1214.0"
"49","1976","1","Andhra Pradesh","Guntur","192.0","1126.0"
"49","1977","1","Andhra Pradesh","Guntur","198.0","1136.0"
"49","1978","1","Andhra Pradesh","Guntur","209.0","1146.0"
"49","1979","1","Andhra Pradesh","Guntur","207.0","1176.0"
"49","1980","1","Andhra Pradesh","Guntur","232.0","1299.0"
"49","1981","1","Andhra Pradesh","Guntur","252.0","1302.0"
"49","1982","1","Andhra Pradesh","Guntur","263.0","1179.0"
"49","1983","1","Andhra Pradesh","Guntur","277.0","1328.0"
"49","1984","1","Andhra Pradesh","Guntur","323.0","1329.0"
"49","1985","1","Andhra Pradesh","Guntur","336.0","1179.0"
"49","1986","1","Andhra Pradesh","Guntur","338.0","1294.0"
"49","1987","1","Andhra Pradesh","Guntur","358.0","1172.0"
"49","1989","1","Andhra Pradesh","Guntur","-1.0","1176.0"
"49","1990","1","Andhra Pradesh","Guntur","382.0","1176.0"
"49","1991","1","Andhra Pradesh","Guntur","-1.0","1159.0"
"49","1992","1","Andhra Pradesh","Guntur","391.0","-1.0"
"49","1993","1","Andhra Pradesh","Guntur","-1.0","1153.0"
"49","1994","1","Andhra Pradesh","Guntur","-1.0","1156.0"
"49","1995","1","Andhra Pradesh","Guntur","405.0","1156.0"
"49","1996","1","Andhra Pradesh","Guntur","419.0","1155.0"
"49","1997","1","Andhra Pradesh","Guntur","425.0","1156.0"
"49","1998","1","Andhra Pradesh","Guntur","427.0","1156.0"
"49","1999","1","Andhra Pradesh","Guntur","427.0","1156.0"
"49","2000","1","Andhra Pradesh","Guntur","432.0","1157.0"
"49","2001","1","Andhra Pradesh","Guntur","438.0","1157.0"
"49","2002","1","Andhra Pradesh","Guntur","443.0","1157.0"
"49","2003","1","Andhra Pradesh","Guntur","448.0","1270.0"
"49","2004","1","Andhra Pradesh","Guntur","451.0","1270.0"
"49","2005","1","Andhra Pradesh","Guntur","-1.0","1275.0"
"49","2006","1","Andhra Pradesh","Guntur","449.0","1269.0"
"49","2007","1","Andhra Pradesh","Guntur","472.0","1272.0"
"49","2008","1","Andhra Pradesh","Guntur","499.0","1272.0"
"49","2009","1","Andhra Pradesh","Guntur","536.0","1269.0"
"49","2010","1","Andhra Pradesh","Guntur","562.0","1270.0"
"49","2011","1","Andhra Pradesh","Guntur","617.0","1270.0"
"49","2013","1","Andhra Pradesh","Guntur","775.0","1271.0"
"49","2014","1","Andhra Pradesh","Guntur","1286.0","1286.0"
"49","2015","1","Andhra Pradesh","Guntur","925.0","1249.0"
"50","1970","1","Andhra Pradesh","S.P.S. Nellore","-1.0","1125.0"
"50","1971","1","Andhra Pradesh","S.P.S. Nellore","-1.0","1040.0"
"50","1972","1","Andhra Pradesh","S.P.S. Nellore","-1.0","1060.0"
"50","1973","1","Andhra Pradesh","S.P.S. Nellore","56.0","1060.0"
"50","1974","1","Andhra Pradesh","S.P.S. Nellore","-1.0","1062.0"
"50","1975","1","Andhra Pradesh","S.P.S. Nellore","83.0","1060.0"
"50","1976","1","Andhra Pradesh","S.P.S. Nellore","100.0","1140.0"
"50","1977","1","Andhra Pradesh","S.P.S. Nellore","102.0","1103.0"
"50","1978","1","Andhra Pradesh","S.P.S. Nellore","117.0","1116.0"
"50","1979","1","Andhra Pradesh","S.P.S. Nellore","122.0","1006.0"
"50","1980","1","Andhra Pradesh","S.P.S. Nellore","137.0","944.0"
"50","1981","1","Andhra Pradesh","S.P.S. Nellore","146.0","950.0"
"50","1982","1","Andhra Pradesh","S.P.S. Nellore","153.0","1019.0"
"50","1983","1","Andhra Pradesh","S.P.S. Nellore","183.0","1139.0"
"50","1984","1","Andhra Pradesh","S.P.S. Nellore","216.0","1142.0"
"50","1985","1","Andhra Pradesh","S.P.S. Nellore","237.0","1018.0"
"50","1986","1","Andhra Pradesh","S.P.S. Nellore","237.0","1123.0"
"50","1987","1","Andhra Pradesh","S.P.S. Nellore","247.0","1015.0"
"50","1989","1","Andhra Pradesh","S.P.S. Nellore","-1.0","1015.0"
"50","1990","1","Andhra Pradesh","S.P.S. Nellore","262.0","1015.0"
"50","1991","1","Andhra Pradesh","S.P.S. Nellore","-1.0","1019.0"
"50","1992","1","Andhra Pradesh","S.P.S. Nellore","264.0","-1.0"
"50","1993","1","Andhra Pradesh","S.P.S. Nellore","-1.0","1028.0"
"50","1994","1","Andhra Pradesh","S.P.S. Nellore","-1.0","1028.0"
"50","1995","1","Andhra Pradesh","S.P.S. Nellore","272.0","1027.0"
"50","1996","1","Andhra Pradesh","S.P.S. Nellore","275.0","1027.0"
"50","1997","1","Andhra Pradesh","S.P.S. Nellore","274.0","1026.0"
"50","1998","1","Andhra Pradesh","S.P.S. Nellore","276.0","1027.0"
"50","1999","1","Andhra Pradesh","S.P.S. Nellore","278.0","1028.0"
"50","2000","1","Andhra Pradesh","S.P.S. Nellore","282.0","1029.0"
"50","2001","1","Andhra Pradesh","S.P.S. Nellore","283.0","1029.0"
"50","2002","1","Andhra Pradesh","S.P.S. Nellore","291.0","1029.0"
"50","2003","1","Andhra Pradesh","S.P.S. Nellore","294.0","1118.0"
"50","2004","1","Andhra Pradesh","S.P.S. Nellore","295.0","1119.0"
"50","2005","1","Andhra Pradesh","S.P.S. Nellore","-1.0","1121.0"
"50","2006","1","Andhra Pradesh","S.P.S. Nellore","302.0","1122.0"
"50","2007","1","Andhra Pradesh","S.P.S. Nellore","315.0","1122.0"
"50","2008","1","Andhra Pradesh","S.P.S. Nellore","329.0","1122.0"
"50","2009","1","Andhra Pradesh","S.P.S. Nellore","358.0","1121.0"
"50","2010","1","Andhra Pradesh","S.P.S. Nellore","373.0","1121.0"
"50","2011","1","Andhra Pradesh","S.P.S. Nellore","402.0","1121.0"
"50","2013","1","Andhra Pradesh","S.P.S. Nellore","482.0","1121.0"
"50","2014","1","Andhra Pradesh","S.P.S. Nellore","1131.0","1131.0"
"50","2015","1","Andhra Pradesh","S.P.S. Nellore","550.0","1135.0"
"51","1970","1","Andhra Pradesh","Kurnool","-1.0","983.0"
"51","1971","1","Andhra Pradesh","Kurnool","-1.0","833.0"
"51","1972","1","Andhra Pradesh","Kurnool","-1.0","842.0"
"51","1973","1","Andhra Pradesh","Kurnool","70.0","844.0"
"51","1974","1","Andhra Pradesh","Kurnool","-1.0","844.0"
"51","1975","1","Andhra Pradesh","Kurnool","88.0","845.0"
"51","1976","1","Andhra Pradesh","Kurnool","116.0","1093.0"
"51","1977","1","Andhra Pradesh","Kurnool","121.0","1118.0"
"51","1978","1","Andhra Pradesh","Kurnool","132.0","1126.0"
"51","1979","1","Andhra Pradesh","Kurnool","136.0","886.0"
"51","1980","1","Andhra Pradesh","Kurnool","143.0","1129.0"
"51","1981","1","Andhra Pradesh","Kurnool","157.0","1140.0"
"51","1982","1","Andhra Pradesh","Kurnool","159.0","1177.0"
"51","1983","1","Andhra Pradesh","Kurnool","162.0","964.0"
"51","1984","1","Andhra Pradesh","Kurnool","174.0","962.0"
"51","1985","1","Andhra Pradesh","Kurnool","195.0","1159.0"
"51","1986","1","Andhra Pradesh","Kurnool","196.0","917.0"
"51","1987","1","Andhra Pradesh","Kurnool","200.0","1140.0"
"51","1989","1","Andhra Pradesh","Kurnool","-1.0","1141.0"
"51","1990","1","Andhra Pradesh","Kurnool","220.0","1141.0"
"51","1991","1","Andhra Pradesh","Kurnool","-1.0","1137.0"
"51","1992","1","Andhra Pradesh","Kurnool","222.0","-1.0"
"51","1993","1","Andhra Pradesh","Kurnool","-1.0","1127.0"
"51","1994","1","Andhra Pradesh","Kurnool","-1.0","1122.0"
"51","1995","1","Andhra Pradesh","Kurnool","227.0","1122.0"
"51","1996","1","Andhra Pradesh","Kurnool","231.0","1122.0"
"51","1997","1","Andhra Pradesh","Kurnool","231.0","1123.0"
"51","1998","1","Andhra Pradesh","Kurnool","233.0","1001.0"
"51","1999","1","Andhra Pradesh","Kurnool","235.0","1001.0"
"51","2000","1","Andhra Pradesh","Kurnool","241.0","1122.0"
"51","2001","1","Andhra Pradesh","Kurnool","245.0","1122.0"
"51","2002","1","Andhra Pradesh","Kurnool","246.0","1122.0"
"51","2003","1","Andhra Pradesh","Kurnool","249.0","917.0"
"51","2004","1","Andhra Pradesh","Kurnool","251.0","917.0"
"51","2005","1","Andhra Pradesh","Kurnool","-1.0","907.0"
"51","2006","1","Andhra Pradesh","Kurnool","257.0","909.0"
"51","2007","1","Andhra Pradesh","Kurnool","274.0","907.0"
"51","2008","1","Andhra Pradesh","Kurnool","288.0","907.0"
"51","2009","1","Andhra Pradesh","Kurnool","299.0","902.0"
"51","2010","1","Andhra Pradesh","Kurnool","313.0","908.0"
"51","2011","1","Andhra Pradesh","Kurnool","347.0","908.0"
"51","2013","1","Andhra Pradesh","Kurnool","427.0","909.0"
"51","2014","1","Andhra Pradesh","Kurnool","917.0","917.0"
"51","2015","1","Andhra Pradesh","Kurnool","494.0","939.0"
"52","1970","1","Andhra Pradesh","Ananthapur","-1.0","853.0"
"52","1971","1","Andhra Pradesh","Ananthapur","-1.0","866.0"
"52","1972","1","Andhra Pradesh","Ananthapur","-1.0","873.0"
"52","1973","1","Andhra Pradesh","Ananthapur","51.0","874.0"
"52","1974","1","Andhra Pradesh","Ananthapur","-1.0","878.0"
"52","1975","1","Andhra Pradesh","Ananthapur","60.0","885.0"
"52","1976","1","Andhra Pradesh","Ananthapur","78.0","919.0"
"52","1977","1","Andhra Pradesh","Ananthapur","82.0","940.0"
"52","1978","1","Andhra Pradesh","Ananthapur","93.0","948.0"
"52","1979","1","Andhra Pradesh","Ananthapur","96.0","958.0"
"52","1980","1","Andhra Pradesh","Ananthapur","115.0","962.0"
"52","1981","1","Andhra Pradesh","Ananthapur","137.0","963.0"
"52","1982","1","Andhra Pradesh","Ananthapur","152.0","929.0"
"52","1983","1","Andhra Pradesh","Ananthapur","157.0","968.0"
"52","1984","1","Andhra Pradesh","Ananthapur","162.0","967.0"
"52","1985","1","Andhra Pradesh","Ananthapur","178.0","937.0"
"52","1986","1","Andhra Pradesh","Ananthapur","179.0","932.0"
"52","1987","1","Andhra Pradesh","Ananthapur","183.0","932.0"
"52","1989","1","Andhra Pradesh","Ananthapur","-1.0","936.0"
"52","1990","1","Andhra Pradesh","Ananthapur","191.0","936.0"
"52","1991","1","Andhra Pradesh","Ananthapur","-1.0","945.0"
"52","1992","1","Andhra Pradesh","Ananthapur","193.0","-1.0"
"52","1993","1","Andhra Pradesh","Ananthapur","-1.0","944.0"
"52","1994","1","Andhra Pradesh","Ananthapur","-1.0","945.0"
"52","1995","1","Andhra Pradesh","Ananthapur","198.0","943.0"
"52","1996","1","Andhra Pradesh","Ananthapur","205.0","944.0"
"52","1997","1","Andhra Pradesh","Ananthapur","206.0","945.0"
"52","1998","1","Andhra Pradesh","Ananthapur","210.0","829.0"
"52","1999","1","Andhra Pradesh","Ananthapur","214.0","829.0"
"52","2000","1","Andhra Pradesh","Ananthapur","216.0","946.0"
"52","2001","1","Andhra Pradesh","Ananthapur","218.0","948.0"
"52","2002","1","Andhra Pradesh","Ananthapur","220.0","948.0"
"52","2003","1","Andhra Pradesh","Ananthapur","221.0","947.0"
"52","2004","1","Andhra Pradesh","Ananthapur","224.0","947.0"
"52","2005","1","Andhra Pradesh","Ananthapur","-1.0","946.0"
"52","2006","1","Andhra Pradesh","Ananthapur","227.0","1018.0"
"52","2007","1","Andhra Pradesh","Ananthapur","237.0","944.0"
"52","2008","1","Andhra Pradesh","Ananthapur","260.0","944.0"
"52","2009","1","Andhra Pradesh","Ananthapur","272.0","943.0"
"52","2010","1","Andhra Pradesh","Ananthapur","281.0","943.0"
"52","2011","1","Andhra Pradesh","Ananthapur","308.0","943.0"
"52","2013","1","Andhra Pradesh","Ananthapur","371.0","944.0"
"52","2014","1","Andhra Pradesh","Ananthapur","942.0","942.0"
"52","2015","1","Andhra Pradesh","Ananthapur","423.0","937.0"
"53","1970","1","Andhra Pradesh","Kadapa YSR","-1.0","757.0"
"53","1971","1","Andhra Pradesh","Kadapa YSR","-1.0","767.0"
"53","1972","1","Andhra Pradesh","Kadapa YSR","-1.0","780.0"
"53","1973","1","Andhra Pradesh","Kadapa YSR","37.0","781.0"
"53","1974","1","Andhra Pradesh","Kadapa YSR","-1.0","781.0"
"53","1975","1","Andhra Pradesh","Kadapa YSR","49.0","781.0"
"53","1976","1","Andhra Pradesh","Kadapa YSR","79.0","614.0"
"53","1977","1","Andhra Pradesh","Kadapa YSR","79.0","623.0"
"53","1978","1","Andhra Pradesh","Kadapa YSR","84.0","634.0"
"53","1979","1","Andhra Pradesh","Kadapa YSR","85.0","823.0"
"53","1980","1","Andhra Pradesh","Kadapa YSR","91.0","823.0"
"53","1981","1","Andhra Pradesh","Kadapa YSR","102.0","858.0"
"53","1982","1","Andhra Pradesh","Kadapa YSR","103.0","1001.0"
"53","1983","1","Andhra Pradesh","Kadapa YSR","105.0","826.0"
"53","1984","1","Andhra Pradesh","Kadapa YSR","119.0","823.0"
"53","1985","1","Andhra Pradesh","Kadapa YSR","138.0","813.0"
"53","1986","1","Andhra Pradesh","Kadapa YSR","138.0","810.0"
"53","1987","1","Andhra Pradesh","Kadapa YSR","142.0","810.0"
"53","1989","1","Andhra Pradesh","Kadapa YSR","-1.0","815.0"
"53","1990","1","Andhra Pradesh","Kadapa YSR","149.0","815.0"
"53","1991","1","Andhra Pradesh","Kadapa YSR","-1.0","826.0"
"53","1992","1","Andhra Pradesh","Kadapa YSR","154.0","-1.0"
"53","1993","1","Andhra Pradesh","Kadapa YSR","-1.0","828.0"
"53","1994","1","Andhra Pradesh","Kadapa YSR","-1.0","828.0"
"53","1995","1","Andhra Pradesh","Kadapa YSR","154.0","828.0"
"53","1996","1","Andhra Pradesh","Kadapa YSR","159.0","828.0"
"53","1997","1","Andhra Pradesh","Kadapa YSR","160.0","829.0"
"53","1998","1","Andhra Pradesh","Kadapa YSR","160.0","945.0"
"53","1999","1","Andhra Pradesh","Kadapa YSR","161.0","945.0"
"53","2000","1","Andhra Pradesh","Kadapa YSR","165.0","829.0"
"53","2001","1","Andhra Pradesh","Kadapa YSR","166.0","829.0"
"53","2002","1","Andhra Pradesh","Kadapa YSR","166.0","829.0"
"53","2003","1","Andhra Pradesh","Kadapa YSR","166.0","830.0"
"53","2004","1","Andhra Pradesh","Kadapa YSR","170.0","830.0"
"53","2005","1","Andhra Pradesh","Kadapa YSR","-1.0","830.0"
"53","2006","1","Andhra Pradesh","Kadapa YSR","175.0","828.0"
"53","2007","1","Andhra Pradesh","Kadapa YSR","192.0","829.0"
"53","2008","1","Andhra Pradesh","Kadapa YSR","203.0","829.0"
"53","2009","1","Andhra Pradesh","Kadapa YSR","219.0","826.0"
"53","2010","1","Andhra Pradesh","Kadapa YSR","230.0","826.0"
"53","2011","1","Andhra Pradesh","Kadapa YSR","251.0","826.0"
"53","2013","1","Andhra Pradesh","Kadapa YSR","289.0","826.0"
"53","2014","1","Andhra Pradesh","Kadapa YSR","833.0","833.0"
"53","2015","1","Andhra Pradesh","Kadapa YSR","352.0","829.0"
"54","1970","1","Andhra Pradesh","Chittoor","-1.0","750.0"
"54","1971","1","Andhra Pradesh","Chittoor","-1.0","764.0"
"54","1972","1","Andhra Pradesh","Chittoor","-1.0","788.0"
"54","1973","1","Andhra Pradesh","Chittoor","61.0","796.0"
"54","1974","1","Andhra Pradesh","Chittoor","-1.0","792.0"
"54","1975","1","Andhra Pradesh","Chittoor","75.0","796.0"
"54","1976","1","Andhra Pradesh","Chittoor","89.0","839.0"
"54","1977","1","Andhra Pradesh","Chittoor","93.0","895.0"
"54","1978","1","Andhra Pradesh","Chittoor","105.0","910.0"
"54","1979","1","Andhra Pradesh","Chittoor","111.0","876.0"
"54","1980","1","Andhra Pradesh","Chittoor","121.0","885.0"
"54","1981","1","Andhra Pradesh","Chittoor","135.0","887.0"
"54","1982","1","Andhra Pradesh","Chittoor","149.0","891.0"
"54","1983","1","Andhra Pradesh","Chittoor","168.0","895.0"
"54","1984","1","Andhra Pradesh","Chittoor","186.0","888.0"
"54","1985","1","Andhra Pradesh","Chittoor","205.0","886.0"
"54","1986","1","Andhra Pradesh","Chittoor","205.0","875.0"
"54","1987","1","Andhra Pradesh","Chittoor","216.0","881.0"
"54","1989","1","Andhra Pradesh","Chittoor","-1.0","894.0"
"54","1990","1","Andhra Pradesh","Chittoor","220.0","894.0"
"54","1991","1","Andhra Pradesh","Chittoor","-1.0","894.0"
"54","1992","1","Andhra Pradesh","Chittoor","223.0","-1.0"
"54","1993","1","Andhra Pradesh","Chittoor","-1.0","895.0"
"54","1994","1","Andhra Pradesh","Chittoor","-1.0","894.0"
"54","1995","1","Andhra Pradesh","Chittoor","234.0","895.0"
"54","1996","1","Andhra Pradesh","Chittoor","243.0","895.0"
"54","1997","1","Andhra Pradesh","Chittoor","246.0","894.0"
"54","1998","1","Andhra Pradesh","Chittoor","250.0","1016.0"
"54","1999","1","Andhra Pradesh","Chittoor","252.0","1016.0"
"54","2000","1","Andhra Pradesh","Chittoor","256.0","895.0"
"54","2001","1","Andhra Pradesh","Chittoor","255.0","895.0"
"54","2002","1","Andhra Pradesh","Chittoor","254.0","895.0"
"54","2003","1","Andhra Pradesh","Chittoor","255.0","905.0"
"54","2004","1","Andhra Pradesh","Chittoor","260.0","905.0"
"54","2005","1","Andhra Pradesh","Chittoor","-1.0","894.0"
"54","2006","1","Andhra Pradesh","Chittoor","262.0","893.0"
"54","2007","1","Andhra Pradesh","Chittoor","274.0","893.0"
"54","2008","1","Andhra Pradesh","Chittoor","287.0","893.0"
"54","2009","1","Andhra Pradesh","Chittoor","308.0","893.0"
"54","2010","1","Andhra Pradesh","Chittoor","320.0","893.0"
"54","2011","1","Andhra Pradesh","Chittoor","357.0","893.0"
"54","2013","1","Andhra Pradesh","Chittoor","457.0","893.0"
"54","2014","1","Andhra Pradesh","Chittoor","901.0","901.0"
"54","2015","1","Andhra Pradesh","Chittoor","539.0","893.0"