"Dist Code","Year","State Code","State Name","Dist Name","PRINCIPLE MARKETS NUMBER (Number)","SUB MARKETS NUMBER (Number)","TOTAL MARKETS NUMBER (Number)","ROAD LENGTH NUMBER (KILOMETER)"
"44","1966","1","Andhra Pradesh","Srikakulam","-1.0","-1.0","-1.0","1065.0"
"44","1967","1","Andhra Pradesh","Srikakulam","-1.0","-1.0","-1.0","1065.0"
"44","1968","1","Andhra Pradesh","Srikakulam","-1.0","-1.0","-1.0","1065.0"
"44","1969","1","Andhra Pradesh","Srikakulam","-1.0","-1.0","-1.0","1091.0"
"44","1970","1","Andhra Pradesh","Srikakulam","5.0","14.0","19.0","3640.0"
"44","1971","1","Andhra Pradesh","Srikakulam","6.0","18.0","24.0","3648.0"
"44","1972","1","Andhra Pradesh","Srikakulam","6.0","18.0","24.0","3656.0"
"44","1973","1","Andhra Pradesh","Srikakulam","8.0","24.0","32.0","3664.0"
"44","1974","1","Andhra Pradesh","Srikakulam","8.0","24.0","32.0","3672.0"
"44","1975","1","Andhra Pradesh","Srikakulam","8.0","24.0","32.0","3680.0"
"44","1976","1","Andhra Pradesh","Srikakulam","9.0","28.0","37.0","3688.0"
"44","1977","1","Andhra Pradesh","Srikakulam","9.0","28.0","37.0","3696.0"
"44","1978","1","Andhra Pradesh","Srikakulam","9.0","28.0","37.0","3704.0"
"44","1979","1","Andhra Pradesh","Srikakulam","9.0","28.0","37.0","3712.0"
"44","1980","1","Andhra Pradesh","Srikakulam","13.5","48.5","62.0","3720.0"
"44","1981","1","Andhra Pradesh","Srikakulam","14.0","50.0","64.0","3728.0"
"44","1982","1","Andhra Pradesh","Srikakulam","14.0","50.0","64.0","3735.0"
"44","1983","1","Andhra Pradesh","Srikakulam","14.0","50.0","64.0","3819.0"
"44","1984","1","Andhra Pradesh","Srikakulam","14.0","50.0","64.0","3902.0"
"44","1985","1","Andhra Pradesh","Srikakulam","14.0","50.0","64.0","3942.0"
"44","1986","1","Andhra Pradesh","Srikakulam","14.0","50.0","64.0","3951.0"
"44","1987","1","Andhra Pradesh","Srikakulam","14.0","50.0","64.0","3960.0"
"44","1988","1","Andhra Pradesh","Srikakulam","14.0","50.0","64.0","3968.0"
"44","1989","1","Andhra Pradesh","Srikakulam","14.0","50.0","64.0","4034.0"
"44","1990","1","Andhra Pradesh","Srikakulam","14.0","50.0","64.0","4100.0"
"44","1991","1","Andhra Pradesh","Srikakulam","14.0","50.0","64.0","4232.0"
"44","1992","1","Andhra Pradesh","Srikakulam","14.0","50.0","64.0","4315.0"
"44","1993","1","Andhra Pradesh","Srikakulam","14.0","50.0","64.0","4325.0"
"44","1994","1","Andhra Pradesh","Srikakulam","14.0","50.0","64.0","4335.0"
"44","1995","1","Andhra Pradesh","Srikakulam","-1.0","-1.0","-1.0","3617.0"
"44","1996","1","Andhra Pradesh","Srikakulam","-1.0","-1.0","-1.0","3686.0"
"44","1997","1","Andhra Pradesh","Srikakulam","-1.0","-1.0","-1.0","3686.0"
"44","1998","1","Andhra Pradesh","Srikakulam","-1.0","-1.0","-1.0","6732.0"
"44","1999","1","Andhra Pradesh","Srikakulam","-1.0","-1.0","-1.0","7185.0"
"44","2000","1","Andhra Pradesh","Srikakulam","-1.0","-1.0","-1.0","7367.0"
"44","2001","1","Andhra Pradesh","Srikakulam","-1.0","-1.0","-1.0","7392.0"
"44","2002","1","Andhra Pradesh","Srikakulam","-1.0","-1.0","-1.0","7746.0"
"44","2003","1","Andhra Pradesh","Srikakulam","-1.0","-1.0","-1.0","7984.0"
"44","2004","1","Andhra Pradesh","Srikakulam","-1.0","-1.0","-1.0","8048.0"
"44","2005","1","Andhra Pradesh","Srikakulam","-1.0","-1.0","-1.0","8070.0"
"44","2006","1","Andhra Pradesh","Srikakulam","-1.0","-1.0","-1.0","8138.0"
"44","2007","1","Andhra Pradesh","Srikakulam","-1.0","-1.0","-1.0","8239.0"
"44","2008","1","Andhra Pradesh","Srikakulam","-1.0","-1.0","-1.0","8397.0"
"44","2009","1","Andhra Pradesh","Srikakulam","-1.0","-1.0","-1.0","8408.0"
"44","2010","1","Andhra Pradesh","Srikakulam","-1.0","-1.0","-1.0","8781.0"
"44","2011","1","Andhra Pradesh","Srikakulam","-1.0","-1.0","-1.0","8995.0"
"44","2013","1","Andhra Pradesh","Srikakulam","-1.0","-1.0","-1.0","9275.0"
"44","2014","1","Andhra Pradesh","Srikakulam","18.5","-1.0","18.5","9304.0"
"44","2015","1","Andhra Pradesh","Srikakulam","18.5","0.5","19.0","9119.0"
"44","2016","1","Andhra Pradesh","Srikakulam","18.5","1.0","19.5","9227.0"
"44","2017","1","Andhra Pradesh","Srikakulam","18.5","-1.0","18.5","9278.0"
"45","1966","1","Andhra Pradesh","Visakhapatnam","-1.0","-1.0","-1.0","1213.0"
"45","1967","1","Andhra Pradesh","Visakhapatnam","-1.0","-1.0","-1.0","1218.0"
"45","1968","1","Andhra Pradesh","Visakhapatnam","-1.0","-1.0","-1.0","1218.0"
"45","1969","1","Andhra Pradesh","Visakhapatnam","-1.0","-1.0","-1.0","1221.0"
"45","1970","1","Andhra Pradesh","Visakhapatnam","3.0","18.0","21.0","4088.0"
"45","1971","1","Andhra Pradesh","Visakhapatnam","3.0","18.0","21.0","4137.0"
"45","1972","1","Andhra Pradesh","Visakhapatnam","3.0","18.0","21.0","4161.0"
"45","1973","1","Andhra Pradesh","Visakhapatnam","3.0","18.0","21.0","4184.0"
"45","1974","1","Andhra Pradesh","Visakhapatnam","3.0","18.0","21.0","4184.0"
"45","1975","1","Andhra Pradesh","Visakhapatnam","3.0","18.0","21.0","4184.0"
"45","1976","1","Andhra Pradesh","Visakhapatnam","3.0","18.0","21.0","4563.0"
"45","1977","1","Andhra Pradesh","Visakhapatnam","3.0","18.0","21.0","4942.0"
"45","1978","1","Andhra Pradesh","Visakhapatnam","3.0","18.0","21.0","5322.0"
"45","1979","1","Andhra Pradesh","Visakhapatnam","3.0","18.0","21.0","5675.0"
"45","1980","1","Andhra Pradesh","Visakhapatnam","11.5","49.5","61.0","6028.0"
"45","1981","1","Andhra Pradesh","Visakhapatnam","12.0","51.0","63.0","6381.0"
"45","1982","1","Andhra Pradesh","Visakhapatnam","12.0","51.0","63.0","6735.0"
"45","1983","1","Andhra Pradesh","Visakhapatnam","12.0","51.0","63.0","7487.0"
"45","1984","1","Andhra Pradesh","Visakhapatnam","12.0","51.0","63.0","8239.0"
"45","1985","1","Andhra Pradesh","Visakhapatnam","12.0","51.0","63.0","8239.0"
"45","1986","1","Andhra Pradesh","Visakhapatnam","12.0","51.0","63.0","8267.0"
"45","1987","1","Andhra Pradesh","Visakhapatnam","12.0","51.0","63.0","8295.0"
"45","1988","1","Andhra Pradesh","Visakhapatnam","12.0","51.0","63.0","8323.0"
"45","1989","1","Andhra Pradesh","Visakhapatnam","12.0","51.0","63.0","8351.0"
"45","1990","1","Andhra Pradesh","Visakhapatnam","12.0","51.0","63.0","8378.0"
"45","1991","1","Andhra Pradesh","Visakhapatnam","12.0","51.0","63.0","8527.0"
"45","1992","1","Andhra Pradesh","Visakhapatnam","12.0","51.0","63.0","8676.0"
"45","1993","1","Andhra Pradesh","Visakhapatnam","12.0","51.0","63.0","8955.0"
"45","1994","1","Andhra Pradesh","Visakhapatnam","4.0","17.0","21.0","8955.0"
"45","1995","1","Andhra Pradesh","Visakhapatnam","-1.0","-1.0","-1.0","-1.0"
"45","1996","1","Andhra Pradesh","Visakhapatnam","-1.0","-1.0","-1.0","-1.0"
"45","1997","1","Andhra Pradesh","Visakhapatnam","-1.0","-1.0","-1.0","-1.0"
"45","1998","1","Andhra Pradesh","Visakhapatnam","-1.0","-1.0","-1.0","7768.0"
"45","1999","1","Andhra Pradesh","Visakhapatnam","-1.0","-1.0","-1.0","8168.0"
"45","2000","1","Andhra Pradesh","Visakhapatnam","-1.0","-1.0","-1.0","7967.0"
"45","2001","1","Andhra Pradesh","Visakhapatnam","-1.0","-1.0","-1.0","9425.0"
"45","2002","1","Andhra Pradesh","Visakhapatnam","-1.0","-1.0","-1.0","9581.0"
"45","2003","1","Andhra Pradesh","Visakhapatnam","-1.0","-1.0","-1.0","9970.0"
"45","2004","1","Andhra Pradesh","Visakhapatnam","-1.0","-1.0","-1.0","9968.0"
"45","2005","1","Andhra Pradesh","Visakhapatnam","-1.0","-1.0","-1.0","10012.0"
"45","2006","1","Andhra Pradesh","Visakhapatnam","-1.0","-1.0","-1.0","9798.0"
"45","2007","1","Andhra Pradesh","Visakhapatnam","-1.0","-1.0","-1.0","9996.0"
"45","2008","1","Andhra Pradesh","Visakhapatnam","-1.0","-1.0","-1.0","10028.0"
"45","2009","1","Andhra Pradesh","Visakhapatnam","-1.0","-1.0","-1.0","10083.0"
"45","2010","1","Andhra Pradesh","Visakhapatnam","-1.0","-1.0","-1.0","10788.0"
"45","2011","1","Andhra Pradesh","Visakhapatnam","-1.0","-1.0","-1.0","10979.0"
"45","2013","1","Andhra Pradesh","Visakhapatnam","-1.0","-1.0","-1.0","11918.0"
"45","2014","1","Andhra Pradesh","Visakhapatnam","12.5","1.0","13.5","11606.0"
"45","2015","1","Andhra Pradesh","Visakhapatnam","12.5","2.5","15.0","11568.0"
"45","2016","1","Andhra Pradesh","Visakhapatnam","12.5","4.0","16.5","11869.0"
"45","2017","1","Andhra Pradesh","Visakhapatnam","12.5","1.0","13.5","11837.0"
"46","1966","1","Andhra Pradesh","East Godavari","-1.0","-1.0","-1.0","1381.0"
"46","1967","1","Andhra Pradesh","East Godavari","-1.0","-1.0","-1.0","1374.0"
"46","1968","1","Andhra Pradesh","East Godavari","-1.0","-1.0","-1.0","1374.0"
"46","1969","1","Andhra Pradesh","East Godavari","-1.0","-1.0","-1.0","1407.0"
"46","1970","1","Andhra Pradesh","East Godavari","-1.0","-1.0","-1.0","3721.0"
"46","1971","1","Andhra Pradesh","East Godavari","-1.0","-1.0","-1.0","3721.0"
"46","1972","1","Andhra Pradesh","East Godavari","-1.0","-1.0","-1.0","3721.0"
"46","1973","1","Andhra Pradesh","East Godavari","-1.0","-1.0","-1.0","3728.0"
"46","1974","1","Andhra Pradesh","East Godavari","-1.0","-1.0","-1.0","4276.0"
"46","1975","1","Andhra Pradesh","East Godavari","-1.0","-1.0","-1.0","4278.0"
"46","1976","1","Andhra Pradesh","East Godavari","9.0","30.0","39.0","4286.0"
"46","1977","1","Andhra Pradesh","East Godavari","10.0","33.0","43.0","4502.0"
"46","1978","1","Andhra Pradesh","East Godavari","10.0","33.0","43.0","4717.0"
"46","1979","1","Andhra Pradesh","East Godavari","11.0","36.0","47.0","4717.0"
"46","1980","1","Andhra Pradesh","East Godavari","11.0","36.0","47.0","4822.0"
"46","1981","1","Andhra Pradesh","East Godavari","11.0","36.0","47.0","4927.0"
"46","1982","1","Andhra Pradesh","East Godavari","11.0","36.0","47.0","5031.0"
"46","1983","1","Andhra Pradesh","East Godavari","11.0","36.0","47.0","5103.0"
"46","1984","1","Andhra Pradesh","East Godavari","11.0","36.0","47.0","5174.0"
"46","1985","1","Andhra Pradesh","East Godavari","11.0","36.0","47.0","5174.0"
"46","1986","1","Andhra Pradesh","East Godavari","11.0","36.0","47.0","5174.0"
"46","1987","1","Andhra Pradesh","East Godavari","11.0","36.0","47.0","5174.0"
"46","1988","1","Andhra Pradesh","East Godavari","11.0","36.0","47.0","5174.0"
"46","1989","1","Andhra Pradesh","East Godavari","11.0","36.0","47.0","5174.0"
"46","1990","1","Andhra Pradesh","East Godavari","11.0","36.0","47.0","5174.0"
"46","1991","1","Andhra Pradesh","East Godavari","11.0","36.0","47.0","5174.0"
"46","1992","1","Andhra Pradesh","East Godavari","11.0","36.0","47.0","5174.0"
"46","1993","1","Andhra Pradesh","East Godavari","11.0","36.0","47.0","5525.0"
"46","1994","1","Andhra Pradesh","East Godavari","11.0","36.0","47.0","5525.0"
"46","1995","1","Andhra Pradesh","East Godavari","-1.0","-1.0","-1.0","-1.0"
"46","1996","1","Andhra Pradesh","East Godavari","-1.0","-1.0","-1.0","-1.0"
"46","1997","1","Andhra Pradesh","East Godavari","-1.0","-1.0","-1.0","-1.0"
"46","1998","1","Andhra Pradesh","East Godavari","-1.0","-1.0","-1.0","6544.0"
"46","1999","1","Andhra Pradesh","East Godavari","-1.0","-1.0","-1.0","7294.0"
"46","2000","1","Andhra Pradesh","East Godavari","-1.0","-1.0","-1.0","7191.0"
"46","2001","1","Andhra Pradesh","East Godavari","-1.0","-1.0","-1.0","7244.0"
"46","2002","1","Andhra Pradesh","East Godavari","-1.0","-1.0","-1.0","7926.0"
"46","2003","1","Andhra Pradesh","East Godavari","-1.0","-1.0","-1.0","8042.0"
"46","2004","1","Andhra Pradesh","East Godavari","-1.0","-1.0","-1.0","8214.0"
"46","2005","1","Andhra Pradesh","East Godavari","-1.0","-1.0","-1.0","8765.0"
"46","2006","1","Andhra Pradesh","East Godavari","-1.0","-1.0","-1.0","8648.0"
"46","2007","1","Andhra Pradesh","East Godavari","-1.0","-1.0","-1.0","8830.0"
"46","2008","1","Andhra Pradesh","East Godavari","-1.0","-1.0","-1.0","8974.0"
"46","2009","1","Andhra Pradesh","East Godavari","-1.0","-1.0","-1.0","9019.0"
"46","2010","1","Andhra Pradesh","East Godavari","-1.0","-1.0","-1.0","9470.0"
"46","2011","1","Andhra Pradesh","East Godavari","-1.0","-1.0","-1.0","9954.0"
"46","2013","1","Andhra Pradesh","East Godavari","-1.0","-1.0","-1.0","9865.0"
"46","2014","1","Andhra Pradesh","East Godavari","20.0","2.0","22.0","10307.0"
"46","2015","1","Andhra Pradesh","East Godavari","20.0","5.0","25.0","11202.0"
"46","2016","1","Andhra Pradesh","East Godavari","20.0","5.0","25.0","11615.0"
"46","2017","1","Andhra Pradesh","East Godavari","20.0","2.0","22.0","11220.0"
"47","1966","1","Andhra Pradesh","West Godavari","-1.0","-1.0","-1.0","1167.0"
"47","1967","1","Andhra Pradesh","West Godavari","-1.0","-1.0","-1.0","1189.0"
"47","1968","1","Andhra Pradesh","West Godavari","-1.0","-1.0","-1.0","1189.0"
"47","1969","1","Andhra Pradesh","West Godavari","-1.0","-1.0","-1.0","1197.0"
"47","1970","1","Andhra Pradesh","West Godavari","8.0","31.0","39.0","4522.0"
"47","1971","1","Andhra Pradesh","West Godavari","8.0","31.0","39.0","4534.0"
"47","1972","1","Andhra Pradesh","West Godavari","8.0","31.0","39.0","4546.0"
"47","1973","1","Andhra Pradesh","West Godavari","8.0","31.0","39.0","4558.0"
"47","1974","1","Andhra Pradesh","West Godavari","8.0","31.0","39.0","4570.0"
"47","1975","1","Andhra Pradesh","West Godavari","8.0","31.0","39.0","4582.0"
"47","1976","1","Andhra Pradesh","West Godavari","8.0","31.0","39.0","4594.0"
"47","1977","1","Andhra Pradesh","West Godavari","8.0","31.0","39.0","4606.0"
"47","1978","1","Andhra Pradesh","West Godavari","8.0","31.0","39.0","4618.0"
"47","1979","1","Andhra Pradesh","West Godavari","8.0","31.0","39.0","4630.0"
"47","1980","1","Andhra Pradesh","West Godavari","8.0","31.0","39.0","4642.0"
"47","1981","1","Andhra Pradesh","West Godavari","8.0","31.0","39.0","4654.0"
"47","1982","1","Andhra Pradesh","West Godavari","8.0","31.0","39.0","4666.0"
"47","1983","1","Andhra Pradesh","West Godavari","8.0","31.0","39.0","4678.0"
"47","1984","1","Andhra Pradesh","West Godavari","8.0","31.0","39.0","4690.0"
"47","1985","1","Andhra Pradesh","West Godavari","8.0","31.0","39.0","4742.0"
"47","1986","1","Andhra Pradesh","West Godavari","8.0","31.0","39.0","4742.0"
"47","1987","1","Andhra Pradesh","West Godavari","8.0","31.0","39.0","5147.0"
"47","1988","1","Andhra Pradesh","West Godavari","8.0","31.0","39.0","5147.0"
"47","1989","1","Andhra Pradesh","West Godavari","8.0","31.0","39.0","5147.0"
"47","1990","1","Andhra Pradesh","West Godavari","8.0","31.0","39.0","5147.0"
"47","1991","1","Andhra Pradesh","West Godavari","8.0","31.0","39.0","5147.0"
"47","1992","1","Andhra Pradesh","West Godavari","8.0","31.0","39.0","5147.0"
"47","1993","1","Andhra Pradesh","West Godavari","8.0","31.0","39.0","5383.0"
"47","1994","1","Andhra Pradesh","West Godavari","8.0","31.0","39.0","5782.0"
"47","1995","1","Andhra Pradesh","West Godavari","-1.0","-1.0","-1.0","-1.0"
"47","1996","1","Andhra Pradesh","West Godavari","-1.0","-1.0","-1.0","-1.0"
"47","1997","1","Andhra Pradesh","West Godavari","-1.0","-1.0","-1.0","-1.0"
"47","1998","1","Andhra Pradesh","West Godavari","-1.0","-1.0","-1.0","6001.0"
"47","1999","1","Andhra Pradesh","West Godavari","-1.0","-1.0","-1.0","6815.0"
"47","2000","1","Andhra Pradesh","West Godavari","-1.0","-1.0","-1.0","6770.0"
"47","2001","1","Andhra Pradesh","West Godavari","-1.0","-1.0","-1.0","7051.0"
"47","2002","1","Andhra Pradesh","West Godavari","-1.0","-1.0","-1.0","7239.0"
"47","2003","1","Andhra Pradesh","West Godavari","-1.0","-1.0","-1.0","7355.0"
"47","2004","1","Andhra Pradesh","West Godavari","-1.0","-1.0","-1.0","7311.0"
"47","2005","1","Andhra Pradesh","West Godavari","-1.0","-1.0","-1.0","7272.0"
"47","2006","1","Andhra Pradesh","West Godavari","-1.0","-1.0","-1.0","7301.0"
"47","2007","1","Andhra Pradesh","West Godavari","-1.0","-1.0","-1.0","7486.0"
"47","2008","1","Andhra Pradesh","West Godavari","-1.0","-1.0","-1.0","7505.0"
"47","2009","1","Andhra Pradesh","West Godavari","-1.0","-1.0","-1.0","7541.0"
"47","2010","1","Andhra Pradesh","West Godavari","-1.0","-1.0","-1.0","7691.0"
"47","2011","1","Andhra Pradesh","West Godavari","-1.0","-1.0","-1.0","7891.0"
"47","2013","1","Andhra Pradesh","West Godavari","-1.0","-1.0","-1.0","7898.0"
"47","2014","1","Andhra Pradesh","West Godavari","18.0","2.0","20.0","8269.0"
"47","2015","1","Andhra Pradesh","West Godavari","18.0","4.0","22.0","8378.0"
"47","2016","1","Andhra Pradesh","West Godavari","18.0","6.0","24.0","8466.0"
"47","2017","1","Andhra Pradesh","West Godavari","18.0","5.0","23.0","8312.0"
"48","1966","1","Andhra Pradesh","Krishna","-1.0","-1.0","-1.0","953.0"
"48","1967","1","Andhra Pradesh","Krishna","-1.0","-1.0","-1.0","912.0"
"48","1968","1","Andhra Pradesh","Krishna","-1.0","-1.0","-1.0","912.0"
"48","1969","1","Andhra Pradesh","Krishna","-1.0","-1.0","-1.0","912.0"
"48","1970","1","Andhra Pradesh","Krishna","-1.0","-1.0","-1.0","4909.0"
"48","1971","1","Andhra Pradesh","Krishna","8.0","12.0","20.0","4968.0"
"48","1972","1","Andhra Pradesh","Krishna","8.0","12.0","20.0","5027.0"
"48","1973","1","Andhra Pradesh","Krishna","9.0","14.0","23.0","5086.0"
"48","1974","1","Andhra Pradesh","Krishna","10.0","14.0","24.0","5145.0"
"48","1975","1","Andhra Pradesh","Krishna","11.0","18.0","29.0","5204.0"
"48","1976","1","Andhra Pradesh","Krishna","11.0","18.0","29.0","5263.0"
"48","1977","1","Andhra Pradesh","Krishna","11.0","18.0","29.0","5322.0"
"48","1978","1","Andhra Pradesh","Krishna","11.0","18.0","29.0","5381.0"
"48","1979","1","Andhra Pradesh","Krishna","11.0","18.0","29.0","5440.0"
"48","1980","1","Andhra Pradesh","Krishna","11.0","18.0","29.0","5499.0"
"48","1981","1","Andhra Pradesh","Krishna","11.0","18.0","29.0","5558.0"
"48","1982","1","Andhra Pradesh","Krishna","11.0","18.0","29.0","5617.0"
"48","1983","1","Andhra Pradesh","Krishna","11.0","18.0","29.0","5676.0"
"48","1984","1","Andhra Pradesh","Krishna","12.0","19.0","31.0","5715.0"
"48","1985","1","Andhra Pradesh","Krishna","13.0","19.0","32.0","5888.0"
"48","1986","1","Andhra Pradesh","Krishna","13.0","19.0","32.0","6037.0"
"48","1987","1","Andhra Pradesh","Krishna","14.0","19.0","33.0","6204.0"
"48","1988","1","Andhra Pradesh","Krishna","14.0","19.0","33.0","6360.0"
"48","1989","1","Andhra Pradesh","Krishna","14.0","19.0","33.0","6403.0"
"48","1990","1","Andhra Pradesh","Krishna","14.0","19.0","33.0","6406.0"
"48","1991","1","Andhra Pradesh","Krishna","14.0","19.0","33.0","6409.0"
"48","1992","1","Andhra Pradesh","Krishna","14.0","19.0","33.0","6412.0"
"48","1993","1","Andhra Pradesh","Krishna","14.0","19.0","33.0","6416.0"
"48","1994","1","Andhra Pradesh","Krishna","14.0","19.0","33.0","6460.0"
"48","1995","1","Andhra Pradesh","Krishna","-1.0","-1.0","-1.0","-1.0"
"48","1996","1","Andhra Pradesh","Krishna","-1.0","-1.0","-1.0","-1.0"
"48","1997","1","Andhra Pradesh","Krishna","-1.0","-1.0","-1.0","-1.0"
"48","1998","1","Andhra Pradesh","Krishna","-1.0","-1.0","-1.0","6876.0"
"48","1999","1","Andhra Pradesh","Krishna","-1.0","-1.0","-1.0","6782.0"
"48","2000","1","Andhra Pradesh","Krishna","-1.0","-1.0","-1.0","6721.0"
"48","2001","1","Andhra Pradesh","Krishna","-1.0","-1.0","-1.0","7152.0"
"48","2002","1","Andhra Pradesh","Krishna","-1.0","-1.0","-1.0","7209.0"
"48","2003","1","Andhra Pradesh","Krishna","-1.0","-1.0","-1.0","7298.0"
"48","2004","1","Andhra Pradesh","Krishna","-1.0","-1.0","-1.0","7499.0"
"48","2005","1","Andhra Pradesh","Krishna","-1.0","-1.0","-1.0","7341.0"
"48","2006","1","Andhra Pradesh","Krishna","-1.0","-1.0","-1.0","7463.0"
"48","2007","1","Andhra Pradesh","Krishna","-1.0","-1.0","-1.0","7571.0"
"48","2008","1","Andhra Pradesh","Krishna","-1.0","-1.0","-1.0","7587.0"
"48","2009","1","Andhra Pradesh","Krishna","-1.0","-1.0","-1.0","7647.0"
"48","2010","1","Andhra Pradesh","Krishna","-1.0","-1.0","-1.0","7950.0"
"48","2011","1","Andhra Pradesh","Krishna","-1.0","-1.0","-1.0","8074.0"
"48","2013","1","Andhra Pradesh","Krishna","-1.0","-1.0","-1.0","8161.0"
"48","2014","1","Andhra Pradesh","Krishna","19.0","1.0","20.0","8134.0"
"48","2015","1","Andhra Pradesh","Krishna","19.0","8.0","27.0","8149.0"
"48","2016","1","Andhra Pradesh","Krishna","19.0","8.0","27.0","8089.0"
"48","2017","1","Andhra Pradesh","Krishna","19.0","-1.0","19.0","8085.0"
"49","1966","1","Andhra Pradesh","Guntur","-1.0","-1.0","-1.0","1765.0"
"49","1967","1","Andhra Pradesh","Guntur","-1.0","-1.0","-1.0","1664.0"
"49","1968","1","Andhra Pradesh","Guntur","-1.0","-1.0","-1.0","1664.0"
"49","1969","1","Andhra Pradesh","Guntur","-1.0","-1.0","-1.0","1704.0"
"49","1970","1","Andhra Pradesh","Guntur","2.3","6.4","8.7","5494.0"
"49","1971","1","Andhra Pradesh","Guntur","13.3","29.4","42.7","5496.0"
"49","1972","1","Andhra Pradesh","Guntur","13.3","29.4","42.7","5988.0"
"49","1973","1","Andhra Pradesh","Guntur","13.3","29.4","42.7","5990.0"
"49","1974","1","Andhra Pradesh","Guntur","15.7","33.7","49.4","5956.0"
"49","1975","1","Andhra Pradesh","Guntur","15.7","33.7","49.4","5992.0"
"49","1976","1","Andhra Pradesh","Guntur","16.6","35.1","51.7","6215.0"
"49","1977","1","Andhra Pradesh","Guntur","16.6","35.1","51.7","6597.0"
"49","1978","1","Andhra Pradesh","Guntur","16.6","35.1","51.7","6649.0"
"49","1979","1","Andhra Pradesh","Guntur","16.6","35.1","51.7","7238.0"
"49","1980","1","Andhra Pradesh","Guntur","16.6","35.1","51.7","7340.0"
"49","1981","1","Andhra Pradesh","Guntur","16.6","35.1","51.7","7443.0"
"49","1982","1","Andhra Pradesh","Guntur","16.6","35.1","51.7","7629.0"
"49","1983","1","Andhra Pradesh","Guntur","16.6","35.1","51.7","7865.0"
"49","1984","1","Andhra Pradesh","Guntur","17.6","37.1","54.7","8547.0"
"49","1985","1","Andhra Pradesh","Guntur","17.6","37.1","54.7","8705.0"
"49","1986","1","Andhra Pradesh","Guntur","17.6","37.1","54.7","8841.0"
"49","1987","1","Andhra Pradesh","Guntur","17.6","37.1","54.7","8862.0"
"49","1988","1","Andhra Pradesh","Guntur","17.6","37.1","54.7","8911.0"
"49","1989","1","Andhra Pradesh","Guntur","17.6","37.1","54.7","9374.0"
"49","1990","1","Andhra Pradesh","Guntur","17.6","37.12","54.72","9838.0"
"49","1991","1","Andhra Pradesh","Guntur","17.6","37.12","54.72","10301.0"
"49","1992","1","Andhra Pradesh","Guntur","17.6","37.12","54.72","10764.0"
"49","1993","1","Andhra Pradesh","Guntur","17.6","37.12","54.72","11222.0"
"49","1994","1","Andhra Pradesh","Guntur","13.0","27.0","40.0","11222.0"
"49","1995","1","Andhra Pradesh","Guntur","-1.0","-1.0","-1.0","-1.0"
"49","1996","1","Andhra Pradesh","Guntur","-1.0","-1.0","-1.0","-1.0"
"49","1997","1","Andhra Pradesh","Guntur","-1.0","-1.0","-1.0","-1.0"
"49","1998","1","Andhra Pradesh","Guntur","-1.0","-1.0","-1.0","10921.0"
"49","1999","1","Andhra Pradesh","Guntur","-1.0","-1.0","-1.0","11999.0"
"49","2000","1","Andhra Pradesh","Guntur","-1.0","-1.0","-1.0","13030.0"
"49","2001","1","Andhra Pradesh","Guntur","-1.0","-1.0","-1.0","12800.0"
"49","2002","1","Andhra Pradesh","Guntur","-1.0","-1.0","-1.0","13445.0"
"49","2003","1","Andhra Pradesh","Guntur","-1.0","-1.0","-1.0","13573.0"
"49","2004","1","Andhra Pradesh","Guntur","-1.0","-1.0","-1.0","13617.0"
"49","2005","1","Andhra Pradesh","Guntur","-1.0","-1.0","-1.0","13559.0"
"49","2006","1","Andhra Pradesh","Guntur","-1.0","-1.0","-1.0","13648.0"
"49","2007","1","Andhra Pradesh","Guntur","-1.0","-1.0","-1.0","14619.0"
"49","2008","1","Andhra Pradesh","Guntur","-1.0","-1.0","-1.0","14937.0"
"49","2009","1","Andhra Pradesh","Guntur","-1.0","-1.0","-1.0","14956.0"
"49","2010","1","Andhra Pradesh","Guntur","-1.0","-1.0","-1.0","16227.0"
"49","2011","1","Andhra Pradesh","Guntur","-1.0","-1.0","-1.0","16861.0"
"49","2012","1","Andhra Pradesh","Guntur","-1.0","-1.0","-1.0","-1.0"
"49","2013","1","Andhra Pradesh","Guntur","-1.0","-1.0","-1.0","16624.0"
"49","2014","1","Andhra Pradesh","Guntur","26.9","3.0","29.9","16476.0"
"49","2015","1","Andhra Pradesh","Guntur","27.9","15.22","43.12","18916.0"
"49","2016","1","Andhra Pradesh","Guntur","27.9","15.68","43.58","16591.0"
"49","2017","1","Andhra Pradesh","Guntur","27.9","4.46","32.36","16847.0"
"50","1966","1","Andhra Pradesh","S.P.S. Nellore","-1.0","-1.0","-1.0","1469.0"
"50","1967","1","Andhra Pradesh","S.P.S. Nellore","-1.0","-1.0","-1.0","1469.0"
"50","1968","1","Andhra Pradesh","S.P.S. Nellore","-1.0","-1.0","-1.0","1469.0"
"50","1969","1","Andhra Pradesh","S.P.S. Nellore","-1.0","-1.0","-1.0","1492.0"
"50","1970","1","Andhra Pradesh","S.P.S. Nellore","5.9","14.3","20.2","5075.0"
"50","1971","1","Andhra Pradesh","S.P.S. Nellore","5.9","14.3","20.2","5076.0"
"50","1972","1","Andhra Pradesh","S.P.S. Nellore","5.9","14.3","20.2","5115.0"
"50","1973","1","Andhra Pradesh","S.P.S. Nellore","5.9","14.3","20.2","5155.0"
"50","1974","1","Andhra Pradesh","S.P.S. Nellore","8.0","18.2","26.3","5194.0"
"50","1975","1","Andhra Pradesh","S.P.S. Nellore","8.0","18.2","26.3","5231.0"
"50","1976","1","Andhra Pradesh","S.P.S. Nellore","12.8","26.4","39.2","5349.0"
"50","1977","1","Andhra Pradesh","S.P.S. Nellore","12.8","26.4","39.2","5720.0"
"50","1978","1","Andhra Pradesh","S.P.S. Nellore","12.8","26.4","39.2","6091.0"
"50","1979","1","Andhra Pradesh","S.P.S. Nellore","12.8","26.4","39.2","6220.0"
"50","1980","1","Andhra Pradesh","S.P.S. Nellore","12.8","26.4","39.2","6349.0"
"50","1981","1","Andhra Pradesh","S.P.S. Nellore","12.8","26.4","39.2","6477.0"
"50","1982","1","Andhra Pradesh","S.P.S. Nellore","12.8","26.4","39.2","6605.0"
"50","1983","1","Andhra Pradesh","S.P.S. Nellore","12.8","26.4","39.2","6798.0"
"50","1984","1","Andhra Pradesh","S.P.S. Nellore","12.8","26.4","39.2","7360.0"
"50","1985","1","Andhra Pradesh","S.P.S. Nellore","12.8","26.4","39.2","7588.0"
"50","1986","1","Andhra Pradesh","S.P.S. Nellore","12.8","26.4","39.2","7588.0"
"50","1987","1","Andhra Pradesh","S.P.S. Nellore","12.8","26.4","39.2","7766.0"
"50","1988","1","Andhra Pradesh","S.P.S. Nellore","12.8","26.4","39.2","7784.0"
"50","1989","1","Andhra Pradesh","S.P.S. Nellore","12.8","26.4","39.2","8301.0"
"50","1990","1","Andhra Pradesh","S.P.S. Nellore","12.8","26.36","39.16","8819.0"
"50","1991","1","Andhra Pradesh","S.P.S. Nellore","14.8","27.36","42.16","8836.0"
"50","1992","1","Andhra Pradesh","S.P.S. Nellore","14.8","27.36","42.16","8989.0"
"50","1993","1","Andhra Pradesh","S.P.S. Nellore","14.8","27.36","42.16","9140.0"
"50","1994","1","Andhra Pradesh","S.P.S. Nellore","-1.0","-1.0","-1.0","9445.0"
"50","1995","1","Andhra Pradesh","S.P.S. Nellore","-1.0","-1.0","-1.0","-1.0"
"50","1996","1","Andhra Pradesh","S.P.S. Nellore","-1.0","-1.0","-1.0","-1.0"
"50","1997","1","Andhra Pradesh","S.P.S. Nellore","-1.0","-1.0","-1.0","-1.0"
"50","1998","1","Andhra Pradesh","S.P.S. Nellore","-1.0","-1.0","-1.0","10022.0"
"50","1999","1","Andhra Pradesh","S.P.S. Nellore","-1.0","-1.0","-1.0","10550.0"
"50","2000","1","Andhra Pradesh","S.P.S. Nellore","-1.0","-1.0","-1.0","10550.0"
"50","2001","1","Andhra Pradesh","S.P.S. Nellore","-1.0","-1.0","-1.0","11313.0"
"50","2002","1","Andhra Pradesh","S.P.S. Nellore","-1.0","-1.0","-1.0","11724.0"
"50","2003","1","Andhra Pradesh","S.P.S. Nellore","-1.0","-1.0","-1.0","11937.0"
"50","2004","1","Andhra Pradesh","S.P.S. Nellore","-1.0","-1.0","-1.0","11977.0"
"50","2005","1","Andhra Pradesh","S.P.S. Nellore","-1.0","-1.0","-1.0","12020.0"
"50","2006","1","Andhra Pradesh","S.P.S. Nellore","-1.0","-1.0","-1.0","12202.0"
"50","2007","1","Andhra Pradesh","S.P.S. Nellore","-1.0","-1.0","-1.0","12722.0"
"50","2008","1","Andhra Pradesh","S.P.S. Nellore","-1.0","-1.0","-1.0","13466.0"
"50","2009","1","Andhra Pradesh","S.P.S. Nellore","-1.0","-1.0","-1.0","13476.0"
"50","2010","1","Andhra Pradesh","S.P.S. Nellore","-1.0","-1.0","-1.0","13858.0"
"50","2011","1","Andhra Pradesh","S.P.S. Nellore","-1.0","-1.0","-1.0","13485.0"
"50","2012","1","Andhra Pradesh","S.P.S. Nellore","-1.0","-1.0","-1.0","-1.0"
"50","2013","1","Andhra Pradesh","S.P.S. Nellore","-1.0","-1.0","-1.0","13317.0"
"50","2014","1","Andhra Pradesh","S.P.S. Nellore","16.7","-1.0","16.7","13221.0"
"50","2015","1","Andhra Pradesh","S.P.S. Nellore","16.7","2.66","19.36","13158.0"
"50","2016","1","Andhra Pradesh","S.P.S. Nellore","16.7","3.04","19.74","12879.0"
"50","2017","1","Andhra Pradesh","S.P.S. Nellore","16.7","2.38","19.08","13443.0"
"51","1966","1","Andhra Pradesh","Kurnool","-1.0","-1.0","-1.0","1897.0"
"51","1967","1","Andhra Pradesh","Kurnool","-1.0","-1.0","-1.0","1897.0"
"51","1968","1","Andhra Pradesh","Kurnool","-1.0","-1.0","-1.0","1897.0"
"51","1969","1","Andhra Pradesh","Kurnool","-1.0","-1.0","-1.0","1896.0"
"51","1970","1","Andhra Pradesh","Kurnool","0.8","2.2","3.0","5149.0"
"51","1971","1","Andhra Pradesh","Kurnool","0.8","2.2","3.0","5149.0"
"51","1972","1","Andhra Pradesh","Kurnool","9.8","14.2","24.0","5261.0"
"51","1973","1","Andhra Pradesh","Kurnool","9.8","14.2","24.0","5374.0"
"51","1974","1","Andhra Pradesh","Kurnool","10.3","15.0","25.3","5486.0"
"51","1975","1","Andhra Pradesh","Kurnool","10.3","15.0","25.3","5853.0"
"51","1976","1","Andhra Pradesh","Kurnool","11.6","16.5","28.1","5939.0"
"51","1977","1","Andhra Pradesh","Kurnool","13.6","18.5","32.1","6000.0"
"51","1978","1","Andhra Pradesh","Kurnool","13.6","18.5","32.1","6062.0"
"51","1979","1","Andhra Pradesh","Kurnool","13.6","18.5","32.1","6239.0"
"51","1980","1","Andhra Pradesh","Kurnool","13.6","18.5","32.1","6417.0"
"51","1981","1","Andhra Pradesh","Kurnool","13.6","18.5","32.1","6595.0"
"51","1982","1","Andhra Pradesh","Kurnool","13.6","18.5","32.1","6775.0"
"51","1983","1","Andhra Pradesh","Kurnool","13.6","18.5","32.1","7022.0"
"51","1984","1","Andhra Pradesh","Kurnool","13.6","18.5","32.1","7424.0"
"51","1985","1","Andhra Pradesh","Kurnool","13.6","18.5","32.1","7463.0"
"51","1986","1","Andhra Pradesh","Kurnool","13.6","18.5","32.1","7463.0"
"51","1987","1","Andhra Pradesh","Kurnool","13.6","18.5","32.1","7471.0"
"51","1988","1","Andhra Pradesh","Kurnool","13.6","18.5","32.1","7478.0"
"51","1989","1","Andhra Pradesh","Kurnool","13.6","18.5","32.1","7485.0"
"51","1990","1","Andhra Pradesh","Kurnool","13.6","18.52","32.12","7592.0"
"51","1991","1","Andhra Pradesh","Kurnool","13.6","18.52","32.12","7599.0"
"51","1992","1","Andhra Pradesh","Kurnool","13.6","18.52","32.12","8167.0"
"51","1993","1","Andhra Pradesh","Kurnool","13.6","18.52","32.12","8735.0"
"51","1994","1","Andhra Pradesh","Kurnool","12.0","15.0","27.0","8735.0"
"51","1995","1","Andhra Pradesh","Kurnool","-1.0","-1.0","-1.0","-1.0"
"51","1996","1","Andhra Pradesh","Kurnool","-1.0","-1.0","-1.0","-1.0"
"51","1997","1","Andhra Pradesh","Kurnool","-1.0","-1.0","-1.0","-1.0"
"51","1998","1","Andhra Pradesh","Kurnool","-1.0","-1.0","-1.0","8335.0"
"51","1999","1","Andhra Pradesh","Kurnool","-1.0","-1.0","-1.0","8801.0"
"51","2000","1","Andhra Pradesh","Kurnool","-1.0","-1.0","-1.0","11130.0"
"51","2001","1","Andhra Pradesh","Kurnool","-1.0","-1.0","-1.0","9846.0"
"51","2002","1","Andhra Pradesh","Kurnool","-1.0","-1.0","-1.0","10245.0"
"51","2003","1","Andhra Pradesh","Kurnool","-1.0","-1.0","-1.0","10537.0"
"51","2004","1","Andhra Pradesh","Kurnool","-1.0","-1.0","-1.0","11283.0"
"51","2005","1","Andhra Pradesh","Kurnool","-1.0","-1.0","-1.0","11361.0"
"51","2006","1","Andhra Pradesh","Kurnool","-1.0","-1.0","-1.0","11349.0"
"51","2007","1","Andhra Pradesh","Kurnool","-1.0","-1.0","-1.0","11185.0"
"51","2008","1","Andhra Pradesh","Kurnool","-1.0","-1.0","-1.0","11299.0"
"51","2009","1","Andhra Pradesh","Kurnool","-1.0","-1.0","-1.0","11370.0"
"51","2010","1","Andhra Pradesh","Kurnool","-1.0","-1.0","-1.0","12180.0"
"51","2011","1","Andhra Pradesh","Kurnool","-1.0","-1.0","-1.0","13332.0"
"51","2012","1","Andhra Pradesh","Kurnool","-1.0","-1.0","-1.0","-1.0"
"51","2013","1","Andhra Pradesh","Kurnool","-1.0","-1.0","-1.0","13014.0"
"51","2014","1","Andhra Pradesh","Kurnool","14.4","3.0","17.4","13360.0"
"51","2015","1","Andhra Pradesh","Kurnool","14.4","10.12","24.52","13127.0"
"51","2016","1","Andhra Pradesh","Kurnool","14.4","10.28","24.68","13144.0"
"51","2017","1","Andhra Pradesh","Kurnool","14.4","3.16","17.56","15287.0"
"52","1966","1","Andhra Pradesh","Ananthapur","-1.0","-1.0","-1.0","1238.0"
"52","1967","1","Andhra Pradesh","Ananthapur","-1.0","-1.0","-1.0","1236.0"
"52","1968","1","Andhra Pradesh","Ananthapur","-1.0","-1.0","-1.0","1236.0"
"52","1969","1","Andhra Pradesh","Ananthapur","-1.0","-1.0","-1.0","1246.0"
"52","1970","1","Andhra Pradesh","Ananthapur","-1.0","-1.0","-1.0","5467.0"
"52","1971","1","Andhra Pradesh","Ananthapur","9.0","33.0","42.0","5517.0"
"52","1972","1","Andhra Pradesh","Ananthapur","9.0","33.0","42.0","5517.0"
"52","1973","1","Andhra Pradesh","Ananthapur","9.0","33.0","42.0","5517.0"
"52","1974","1","Andhra Pradesh","Ananthapur","9.0","33.0","42.0","6011.0"
"52","1975","1","Andhra Pradesh","Ananthapur","10.0","33.0","43.0","6024.0"
"52","1976","1","Andhra Pradesh","Ananthapur","10.0","33.0","43.0","7729.0"
"52","1977","1","Andhra Pradesh","Ananthapur","11.0","36.0","47.0","7918.0"
"52","1978","1","Andhra Pradesh","Ananthapur","11.0","36.0","47.0","8107.0"
"52","1979","1","Andhra Pradesh","Ananthapur","11.0","36.0","47.0","8296.0"
"52","1980","1","Andhra Pradesh","Ananthapur","11.0","36.0","47.0","8485.0"
"52","1981","1","Andhra Pradesh","Ananthapur","11.0","36.0","47.0","8674.0"
"52","1982","1","Andhra Pradesh","Ananthapur","11.0","36.0","47.0","8863.0"
"52","1983","1","Andhra Pradesh","Ananthapur","11.0","36.0","47.0","9052.0"
"52","1984","1","Andhra Pradesh","Ananthapur","11.0","36.0","47.0","9247.0"
"52","1985","1","Andhra Pradesh","Ananthapur","11.0","36.0","47.0","9247.0"
"52","1986","1","Andhra Pradesh","Ananthapur","11.0","36.0","47.0","9247.0"
"52","1987","1","Andhra Pradesh","Ananthapur","11.0","36.0","47.0","9712.0"
"52","1988","1","Andhra Pradesh","Ananthapur","11.0","36.0","47.0","9675.0"
"52","1989","1","Andhra Pradesh","Ananthapur","11.0","36.0","47.0","9667.0"
"52","1990","1","Andhra Pradesh","Ananthapur","11.0","36.0","47.0","9659.0"
"52","1991","1","Andhra Pradesh","Ananthapur","11.0","36.0","47.0","9659.0"
"52","1992","1","Andhra Pradesh","Ananthapur","11.0","36.0","47.0","9611.0"
"52","1993","1","Andhra Pradesh","Ananthapur","11.0","36.0","47.0","9562.0"
"52","1994","1","Andhra Pradesh","Ananthapur","11.0","36.0","47.0","9576.0"
"52","1995","1","Andhra Pradesh","Ananthapur","-1.0","-1.0","-1.0","-1.0"
"52","1996","1","Andhra Pradesh","Ananthapur","-1.0","-1.0","-1.0","-1.0"
"52","1997","1","Andhra Pradesh","Ananthapur","-1.0","-1.0","-1.0","-1.0"
"52","1998","1","Andhra Pradesh","Ananthapur","-1.0","-1.0","-1.0","9913.0"
"52","1999","1","Andhra Pradesh","Ananthapur","-1.0","-1.0","-1.0","9941.0"
"52","2000","1","Andhra Pradesh","Ananthapur","-1.0","-1.0","-1.0","9945.0"
"52","2001","1","Andhra Pradesh","Ananthapur","-1.0","-1.0","-1.0","10076.0"
"52","2002","1","Andhra Pradesh","Ananthapur","-1.0","-1.0","-1.0","10154.0"
"52","2003","1","Andhra Pradesh","Ananthapur","-1.0","-1.0","-1.0","10404.0"
"52","2004","1","Andhra Pradesh","Ananthapur","-1.0","-1.0","-1.0","10309.0"
"52","2005","1","Andhra Pradesh","Ananthapur","-1.0","-1.0","-1.0","10309.0"
"52","2006","1","Andhra Pradesh","Ananthapur","-1.0","-1.0","-1.0","10398.0"
"52","2007","1","Andhra Pradesh","Ananthapur","-1.0","-1.0","-1.0","10778.0"
"52","2008","1","Andhra Pradesh","Ananthapur","-1.0","-1.0","-1.0","10797.0"
"52","2009","1","Andhra Pradesh","Ananthapur","-1.0","-1.0","-1.0","10907.0"
"52","2010","1","Andhra Pradesh","Ananthapur","-1.0","-1.0","-1.0","10999.0"
"52","2011","1","Andhra Pradesh","Ananthapur","-1.0","-1.0","-1.0","12097.0"
"52","2013","1","Andhra Pradesh","Ananthapur","-1.0","-1.0","-1.0","14764.0"
"52","2014","1","Andhra Pradesh","Ananthapur","13.0","3.0","16.0","14884.0"
"52","2015","1","Andhra Pradesh","Ananthapur","13.0","7.0","20.0","14127.0"
"52","2016","1","Andhra Pradesh","Ananthapur","13.0","8.0","21.0","16098.0"
"52","2017","1","Andhra Pradesh","Ananthapur","13.0","2.0","15.0","14584.0"
"53","1966","1","Andhra Pradesh","Kadapa YSR","-1.0","-1.0","-1.0","1141.0"
"53","1967","1","Andhra Pradesh","Kadapa YSR","-1.0","-1.0","-1.0","1141.0"
"53","1968","1","Andhra Pradesh","Kadapa YSR","-1.0","-1.0","-1.0","1141.0"
"53","1969","1","Andhra Pradesh","Kadapa YSR","-1.0","-1.0","-1.0","1141.0"
"53","1970","1","Andhra Pradesh","Kadapa YSR","-1.0","-1.0","-1.0","3283.0"
"53","1971","1","Andhra Pradesh","Kadapa YSR","7.0","8.0","15.0","3283.0"
"53","1972","1","Andhra Pradesh","Kadapa YSR","7.0","8.0","15.0","3283.0"
"53","1973","1","Andhra Pradesh","Kadapa YSR","7.0","8.0","15.0","3287.0"
"53","1974","1","Andhra Pradesh","Kadapa YSR","7.0","8.0","15.0","3513.0"
"53","1975","1","Andhra Pradesh","Kadapa YSR","8.0","10.0","18.0","3739.0"
"53","1976","1","Andhra Pradesh","Kadapa YSR","8.0","10.0","18.0","3785.0"
"53","1977","1","Andhra Pradesh","Kadapa YSR","8.0","10.0","18.0","4270.0"
"53","1978","1","Andhra Pradesh","Kadapa YSR","10.0","14.0","24.0","4755.0"
"53","1979","1","Andhra Pradesh","Kadapa YSR","10.0","14.0","24.0","5240.0"
"53","1980","1","Andhra Pradesh","Kadapa YSR","11.0","11.0","22.0","5725.0"
"53","1981","1","Andhra Pradesh","Kadapa YSR","11.0","11.0","22.0","6210.0"
"53","1982","1","Andhra Pradesh","Kadapa YSR","11.0","11.0","22.0","6697.0"
"53","1983","1","Andhra Pradesh","Kadapa YSR","11.0","11.0","22.0","6939.0"
"53","1984","1","Andhra Pradesh","Kadapa YSR","11.0","11.0","22.0","7181.0"
"53","1985","1","Andhra Pradesh","Kadapa YSR","11.0","11.0","22.0","7196.0"
"53","1986","1","Andhra Pradesh","Kadapa YSR","11.0","11.0","22.0","7196.0"
"53","1987","1","Andhra Pradesh","Kadapa YSR","11.0","11.0","22.0","7196.0"
"53","1988","1","Andhra Pradesh","Kadapa YSR","11.0","11.0","22.0","7196.0"
"53","1989","1","Andhra Pradesh","Kadapa YSR","11.0","11.0","22.0","7196.0"
"53","1990","1","Andhra Pradesh","Kadapa YSR","11.0","11.0","22.0","7196.0"
"53","1991","1","Andhra Pradesh","Kadapa YSR","11.0","11.0","22.0","7347.0"
"53","1992","1","Andhra Pradesh","Kadapa YSR","12.0","15.0","27.0","7347.0"
"53","1993","1","Andhra Pradesh","Kadapa YSR","12.0","15.0","27.0","7347.0"
"53","1994","1","Andhra Pradesh","Kadapa YSR","12.0","15.0","27.0","7422.0"
"53","1995","1","Andhra Pradesh","Kadapa YSR","-1.0","-1.0","-1.0","-1.0"
"53","1996","1","Andhra Pradesh","Kadapa YSR","-1.0","-1.0","-1.0","-1.0"
"53","1997","1","Andhra Pradesh","Kadapa YSR","-1.0","-1.0","-1.0","-1.0"
"53","1998","1","Andhra Pradesh","Kadapa YSR","-1.0","-1.0","-1.0","6593.0"
"53","1999","1","Andhra Pradesh","Kadapa YSR","-1.0","-1.0","-1.0","7138.0"
"53","2000","1","Andhra Pradesh","Kadapa YSR","-1.0","-1.0","-1.0","7077.0"
"53","2001","1","Andhra Pradesh","Kadapa YSR","-1.0","-1.0","-1.0","7717.0"
"53","2002","1","Andhra Pradesh","Kadapa YSR","-1.0","-1.0","-1.0","7907.0"
"53","2003","1","Andhra Pradesh","Kadapa YSR","-1.0","-1.0","-1.0","8017.0"
"53","2004","1","Andhra Pradesh","Kadapa YSR","-1.0","-1.0","-1.0","8102.0"
"53","2005","1","Andhra Pradesh","Kadapa YSR","-1.0","-1.0","-1.0","9520.0"
"53","2006","1","Andhra Pradesh","Kadapa YSR","-1.0","-1.0","-1.0","9387.0"
"53","2007","1","Andhra Pradesh","Kadapa YSR","-1.0","-1.0","-1.0","9551.0"
"53","2008","1","Andhra Pradesh","Kadapa YSR","-1.0","-1.0","-1.0","9634.0"
"53","2009","1","Andhra Pradesh","Kadapa YSR","-1.0","-1.0","-1.0","9785.0"
"53","2010","1","Andhra Pradesh","Kadapa YSR","-1.0","-1.0","-1.0","11066.0"
"53","2011","1","Andhra Pradesh","Kadapa YSR","-1.0","-1.0","-1.0","11846.0"
"53","2013","1","Andhra Pradesh","Kadapa YSR","-1.0","-1.0","-1.0","11341.0"
"53","2014","1","Andhra Pradesh","Kadapa YSR","12.0","1.0","13.0","11391.0"
"53","2015","1","Andhra Pradesh","Kadapa YSR","12.0","2.0","14.0","11248.0"
"53","2016","1","Andhra Pradesh","Kadapa YSR","12.0","3.0","15.0","12381.0"
"53","2017","1","Andhra Pradesh","Kadapa YSR","12.0","1.0","13.0","11668.0"
"54","1966","1","Andhra Pradesh","Chittoor","-1.0","-1.0","-1.0","1363.0"
"54","1967","1","Andhra Pradesh","Chittoor","-1.0","-1.0","-1.0","1362.0"
"54","1968","1","Andhra Pradesh","Chittoor","-1.0","-1.0","-1.0","1362.0"
"54","1969","1","Andhra Pradesh","Chittoor","-1.0","-1.0","-1.0","1362.0"
"54","1970","1","Andhra Pradesh","Chittoor","9.0","25.0","34.0","5263.0"
"54","1971","1","Andhra Pradesh","Chittoor","9.0","25.0","34.0","5288.0"
"54","1972","1","Andhra Pradesh","Chittoor","9.0","25.0","34.0","5288.0"
"54","1973","1","Andhra Pradesh","Chittoor","9.0","25.0","34.0","5288.0"
"54","1974","1","Andhra Pradesh","Chittoor","9.0","25.0","34.0","5813.0"
"54","1975","1","Andhra Pradesh","Chittoor","11.0","28.0","39.0","5815.0"
"54","1976","1","Andhra Pradesh","Chittoor","11.0","28.0","39.0","5815.0"
"54","1977","1","Andhra Pradesh","Chittoor","11.0","28.0","39.0","5815.0"
"54","1978","1","Andhra Pradesh","Chittoor","12.0","30.0","42.0","5822.0"
"54","1979","1","Andhra Pradesh","Chittoor","12.0","30.0","42.0","5829.0"
"54","1980","1","Andhra Pradesh","Chittoor","12.0","30.0","42.0","5836.0"
"54","1981","1","Andhra Pradesh","Chittoor","12.0","30.0","42.0","5843.0"
"54","1982","1","Andhra Pradesh","Chittoor","12.0","30.0","42.0","5850.0"
"54","1983","1","Andhra Pradesh","Chittoor","13.0","33.0","46.0","5850.0"
"54","1984","1","Andhra Pradesh","Chittoor","13.0","33.0","46.0","8635.0"
"54","1985","1","Andhra Pradesh","Chittoor","13.0","33.0","46.0","8684.0"
"54","1986","1","Andhra Pradesh","Chittoor","13.0","33.0","46.0","8821.0"
"54","1987","1","Andhra Pradesh","Chittoor","13.0","33.0","46.0","8821.0"
"54","1988","1","Andhra Pradesh","Chittoor","13.0","33.0","46.0","8821.0"
"54","1989","1","Andhra Pradesh","Chittoor","13.0","33.0","46.0","8821.0"
"54","1990","1","Andhra Pradesh","Chittoor","13.0","33.0","46.0","8892.0"
"54","1991","1","Andhra Pradesh","Chittoor","13.0","33.0","46.0","8928.0"
"54","1992","1","Andhra Pradesh","Chittoor","14.0","34.0","48.0","9158.0"
"54","1993","1","Andhra Pradesh","Chittoor","14.0","34.0","48.0","9158.0"
"54","1994","1","Andhra Pradesh","Chittoor","14.0","34.0","48.0","9319.0"
"54","1995","1","Andhra Pradesh","Chittoor","-1.0","-1.0","-1.0","-1.0"
"54","1996","1","Andhra Pradesh","Chittoor","-1.0","-1.0","-1.0","-1.0"
"54","1997","1","Andhra Pradesh","Chittoor","-1.0","-1.0","-1.0","-1.0"
"54","1998","1","Andhra Pradesh","Chittoor","-1.0","-1.0","-1.0","10331.0"
"54","1999","1","Andhra Pradesh","Chittoor","-1.0","-1.0","-1.0","11074.0"
"54","2000","1","Andhra Pradesh","Chittoor","-1.0","-1.0","-1.0","11180.0"
"54","2001","1","Andhra Pradesh","Chittoor","-1.0","-1.0","-1.0","11443.0"
"54","2002","1","Andhra Pradesh","Chittoor","-1.0","-1.0","-1.0","11661.0"
"54","2003","1","Andhra Pradesh","Chittoor","-1.0","-1.0","-1.0","11720.0"
"54","2004","1","Andhra Pradesh","Chittoor","-1.0","-1.0","-1.0","11740.0"
"54","2005","1","Andhra Pradesh","Chittoor","-1.0","-1.0","-1.0","11813.0"
"54","2006","1","Andhra Pradesh","Chittoor","-1.0","-1.0","-1.0","11990.0"
"54","2007","1","Andhra Pradesh","Chittoor","-1.0","-1.0","-1.0","11999.0"
"54","2008","1","Andhra Pradesh","Chittoor","-1.0","-1.0","-1.0","12246.0"
"54","2009","1","Andhra Pradesh","Chittoor","-1.0","-1.0","-1.0","12302.0"
"54","2010","1","Andhra Pradesh","Chittoor","-1.0","-1.0","-1.0","12758.0"
"54","2011","1","Andhra Pradesh","Chittoor","-1.0","-1.0","-1.0","12290.0"
"54","2013","1","Andhra Pradesh","Chittoor","-1.0","-1.0","-1.0","12065.0"
"54","2014","1","Andhra Pradesh","Chittoor","19.0","9.0","28.0","12067.0"
"54","2015","1","Andhra Pradesh","Chittoor","19.0","10.0","29.0","12222.0"
"54","2016","1","Andhra Pradesh","Chittoor","19.0","10.0","29.0","12495.0"
"54","2017","1","Andhra Pradesh","Chittoor","19.0","5.0","24.0","11591.0"