"Dist Code","Year","State Code","State Name","Dist Name","DESHI PRODUCTION (Lakh Number)","IMPROVED PRODUCTION (Lakh Number)","TOTAL PRODUCTION (Lakh Number)"
"44","1992","1","Andhra Pradesh","Srikakulam","686.31","114.0","800.31"
"44","1993","1","Andhra Pradesh","Srikakulam","812.37","145.36","957.73"
"44","1994","1","Andhra Pradesh","Srikakulam","634.01","280.19","914.21"
"44","1995","1","Andhra Pradesh","Srikakulam","648.27","419.84","1068.11"
"44","1996","1","Andhra Pradesh","Srikakulam","563.91","394.94","958.86"
"44","1997","1","Andhra Pradesh","Srikakulam","560.0","371.0","931.0"
"44","1998","1","Andhra Pradesh","Srikakulam","535.56","353.33","888.89"
"44","1999","1","Andhra Pradesh","Srikakulam","590.5","352.5","943.0"
"44","2000","1","Andhra Pradesh","Srikakulam","1003.0","958.5","1961.5"
"44","2001","1","Andhra Pradesh","Srikakulam","617.0","1157.5","1774.5"
"44","2002","1","Andhra Pradesh","Srikakulam","681.53","2009.11","2690.64"
"44","2003","1","Andhra Pradesh","Srikakulam","403.0","2092.0","2495.0"
"44","2004","1","Andhra Pradesh","Srikakulam","365.5","687.5","1053.0"
"44","2005","1","Andhra Pradesh","Srikakulam","390.5","1779.5","2170.0"
"44","2006","1","Andhra Pradesh","Srikakulam","66.0","1714.0","1780.0"
"44","2007","1","Andhra Pradesh","Srikakulam","81.84","1881.37","1963.2"
"44","2008","1","Andhra Pradesh","Srikakulam","935.5","1162.0","2097.5"
"44","2009","1","Andhra Pradesh","Srikakulam","907.5","1320.0","2227.5"
"44","2010","1","Andhra Pradesh","Srikakulam","974.26","1434.24","2408.5"
"44","2011","1","Andhra Pradesh","Srikakulam","958.03","1526.97","2485.0"
"44","2012","1","Andhra Pradesh","Srikakulam","941.37","1712.63","2654.0"
"44","2014","1","Andhra Pradesh","Srikakulam","-1.0","-1.0","2933.93"
"44","2015","1","Andhra Pradesh","Srikakulam","-1.0","-1.0","3133.12"
"45","1992","1","Andhra Pradesh","Visakhapatnam","693.86","529.4","1223.26"
"45","1993","1","Andhra Pradesh","Visakhapatnam","865.4","735.21","1600.61"
"45","1994","1","Andhra Pradesh","Visakhapatnam","720.52","1482.91","2203.44"
"45","1995","1","Andhra Pradesh","Visakhapatnam","790.66","2226.39","3017.05"
"45","1996","1","Andhra Pradesh","Visakhapatnam","653.68","1909.86","2563.54"
"45","1997","1","Andhra Pradesh","Visakhapatnam","623.0","1923.0","2546.0"
"45","1998","1","Andhra Pradesh","Visakhapatnam","630.87","1860.29","2491.16"
"45","1999","1","Andhra Pradesh","Visakhapatnam","670.5","1766.5","2437.0"
"45","2000","1","Andhra Pradesh","Visakhapatnam","438.0","1204.5","1642.5"
"45","2001","1","Andhra Pradesh","Visakhapatnam","418.0","5431.5","5849.5"
"45","2002","1","Andhra Pradesh","Visakhapatnam","485.4","6374.63","6860.03"
"45","2003","1","Andhra Pradesh","Visakhapatnam","287.0","6633.0","6920.0"
"45","2004","1","Andhra Pradesh","Visakhapatnam","353.5","8083.5","8437.0"
"45","2005","1","Andhra Pradesh","Visakhapatnam","329.5","6674.5","7004.0"
"45","2006","1","Andhra Pradesh","Visakhapatnam","253.0","6588.0","6841.0"
"45","2007","1","Andhra Pradesh","Visakhapatnam","314.63","7232.95","7547.57"
"45","2008","1","Andhra Pradesh","Visakhapatnam","985.5","6458.0","7443.5"
"45","2009","1","Andhra Pradesh","Visakhapatnam","963.5","6955.0","7918.5"
"45","2010","1","Andhra Pradesh","Visakhapatnam","1024.51","7639.99","8664.5"
"45","2011","1","Andhra Pradesh","Visakhapatnam","1067.23","8222.76","9289.99"
"45","2012","1","Andhra Pradesh","Visakhapatnam","1121.38","8694.62","9816.0"
"45","2014","1","Andhra Pradesh","Visakhapatnam","-1.0","-1.0","10428.46"
"45","2015","1","Andhra Pradesh","Visakhapatnam","-1.0","-1.0","11138.6"
"46","1992","1","Andhra Pradesh","East Godavari","976.91","275.77","1252.68"
"46","1993","1","Andhra Pradesh","East Godavari","938.73","527.56","1466.29"
"46","1994","1","Andhra Pradesh","East Godavari","592.25","3700.31","4292.56"
"46","1995","1","Andhra Pradesh","East Godavari","659.83","6095.66","6755.5"
"46","1996","1","Andhra Pradesh","East Godavari","542.39","5473.13","6015.52"
"46","1997","1","Andhra Pradesh","East Godavari","557.0","5652.0","6209.0"
"46","1998","1","Andhra Pradesh","East Godavari","566.43","5508.53","6074.96"
"46","1999","1","Andhra Pradesh","East Godavari","577.0","5553.0","6130.0"
"46","2000","1","Andhra Pradesh","East Godavari","514.0","15266.0","15780.0"
"46","2001","1","Andhra Pradesh","East Godavari","515.0","9705.0","10220.0"
"46","2002","1","Andhra Pradesh","East Godavari","556.76","10337.03","10893.79"
"46","2003","1","Andhra Pradesh","East Godavari","330.0","10957.0","11287.0"
"46","2004","1","Andhra Pradesh","East Godavari","357.0","65665.0","66022.0"
"46","2005","1","Andhra Pradesh","East Godavari","357.0","43816.0","44173.0"
"46","2006","1","Andhra Pradesh","East Godavari","1564.0","40740.0","42304.0"
"46","2007","1","Andhra Pradesh","East Godavari","1945.73","44730.41","46676.14"
"46","2008","1","Andhra Pradesh","East Godavari","638.0","46601.0","47239.0"
"46","2009","1","Andhra Pradesh","East Godavari","599.0","46694.0","47293.0"
"46","2010","1","Andhra Pradesh","East Godavari","529.72","42642.29","43172.0"
"46","2011","1","Andhra Pradesh","East Godavari","562.56","44611.44","45174.0"
"46","2012","1","Andhra Pradesh","East Godavari","1091.03","46308.97","47400.0"
"46","2014","1","Andhra Pradesh","East Godavari","-1.0","-1.0","42987.39"
"46","2015","1","Andhra Pradesh","East Godavari","-1.0","-1.0","45452.97"
"47","1992","1","Andhra Pradesh","West Godavari","598.69","1574.49","2173.18"
"47","1993","1","Andhra Pradesh","West Godavari","576.5","2708.37","3284.87"
"47","1994","1","Andhra Pradesh","West Godavari","408.62","5426.32","5834.94"
"47","1995","1","Andhra Pradesh","West Godavari","407.76","7428.94","7836.71"
"47","1996","1","Andhra Pradesh","West Godavari","336.99","6558.24","6895.22"
"47","1997","1","Andhra Pradesh","West Godavari","306.0","6695.0","7001.0"
"47","1998","1","Andhra Pradesh","West Godavari","345.21","6456.4","6801.61"
"47","1999","1","Andhra Pradesh","West Godavari","406.0","6829.0","7235.0"
"47","2000","1","Andhra Pradesh","West Godavari","739.0","10641.0","11380.0"
"47","2001","1","Andhra Pradesh","West Godavari","747.0","12849.0","13596.0"
"47","2002","1","Andhra Pradesh","West Godavari","785.68","13482.23","14267.9"
"47","2003","1","Andhra Pradesh","West Godavari","465.0","14230.0","14695.0"
"47","2004","1","Andhra Pradesh","West Godavari","323.0","11747.0","12070.0"
"47","2005","1","Andhra Pradesh","West Godavari","540.0","13109.0","13649.0"
"47","2006","1","Andhra Pradesh","West Godavari","517.0","13459.0","13976.0"
"47","2007","1","Andhra Pradesh","West Godavari","642.8","14777.3","15420.1"
"47","2008","1","Andhra Pradesh","West Godavari","407.0","15319.0","15726.0"
"47","2009","1","Andhra Pradesh","West Godavari","423.0","17354.0","17777.0"
"47","2010","1","Andhra Pradesh","West Godavari","487.22","19960.78","20448.0"
"47","2011","1","Andhra Pradesh","West Godavari","517.13","20602.86","21119.99"
"47","2012","1","Andhra Pradesh","West Godavari","518.83","21531.17","22050.0"
"47","2014","1","Andhra Pradesh","West Godavari","-1.0","-1.0","23777.27"
"47","2015","1","Andhra Pradesh","West Godavari","-1.0","-1.0","25638.48"
"48","1992","1","Andhra Pradesh","Krishna","1068.79","4652.56","5721.35"
"48","1993","1","Andhra Pradesh","Krishna","867.96","5477.4","6345.36"
"48","1994","1","Andhra Pradesh","Krishna","551.12","6097.94","6649.06"
"48","1995","1","Andhra Pradesh","Krishna","535.32","6059.25","6594.57"
"48","1996","1","Andhra Pradesh","Krishna","533.68","5703.01","6236.69"
"48","1997","1","Andhra Pradesh","Krishna","467.0","5747.0","6214.0"
"48","1998","1","Andhra Pradesh","Krishna","494.93","6085.15","6580.07"
"48","1999","1","Andhra Pradesh","Krishna","492.0","5884.0","6376.0"
"48","2000","1","Andhra Pradesh","Krishna","478.0","2745.0","3223.0"
"48","2001","1","Andhra Pradesh","Krishna","481.0","7124.0","7605.0"
"48","2002","1","Andhra Pradesh","Krishna","571.07","7754.65","8325.72"
"48","2003","1","Andhra Pradesh","Krishna","338.0","8070.0","8408.0"
"48","2004","1","Andhra Pradesh","Krishna","406.0","6144.0","6550.0"
"48","2005","1","Andhra Pradesh","Krishna","341.0","8401.0","8742.0"
"48","2006","1","Andhra Pradesh","Krishna","313.0","8148.0","8461.0"
"48","2007","1","Andhra Pradesh","Krishna","389.15","8946.29","9335.44"
"48","2008","1","Andhra Pradesh","Krishna","870.0","10143.0","11013.0"
"48","2009","1","Andhra Pradesh","Krishna","851.0","10769.0","11620.0"
"48","2010","1","Andhra Pradesh","Krishna","889.08","11630.92","12520.0"
"48","2011","1","Andhra Pradesh","Krishna","946.72","11735.28","12682.0"
"48","2012","1","Andhra Pradesh","Krishna","805.41","12444.58","13250.0"
"48","2014","1","Andhra Pradesh","Krishna","-1.0","-1.0","19644.1"
"48","2015","1","Andhra Pradesh","Krishna","-1.0","-1.0","21414.21"
"49","1992","1","Andhra Pradesh","Guntur","1048.97","1369.25","2418.23"
"49","1993","1","Andhra Pradesh","Guntur","895.82","1750.86","2646.68"
"49","1994","1","Andhra Pradesh","Guntur","692.82","2955.76","3648.57"
"49","1995","1","Andhra Pradesh","Guntur","789.68","3387.66","4177.34"
"49","1996","1","Andhra Pradesh","Guntur","809.1","3333.99","4143.09"
"49","1997","1","Andhra Pradesh","Guntur","770.94","3369.62","4140.56"
"49","1998","1","Andhra Pradesh","Guntur","822.04","3392.06","4214.1"
"49","1999","1","Andhra Pradesh","Guntur","785.02","3254.58","4039.6"
"49","2000","1","Andhra Pradesh","Guntur","605.86","2830.84","3436.7"
"49","2001","1","Andhra Pradesh","Guntur","613.7","13024.7","13638.4"
"49","2002","1","Andhra Pradesh","Guntur","676.33","13946.79","14623.12"
"49","2003","1","Andhra Pradesh","Guntur","400.14","14513.22","14913.36"
"49","2004","1","Andhra Pradesh","Guntur","407.54","3893.2","4300.74"
"49","2005","1","Andhra Pradesh","Guntur","420.4","7537.58","7957.98"
"49","2006","1","Andhra Pradesh","Guntur","276.92","7208.3","7485.22"
"49","2007","1","Andhra Pradesh","Guntur","344.28","7914.61","8258.89"
"49","2008","1","Andhra Pradesh","Guntur","572.32","8119.52","8691.84"
"49","2009","1","Andhra Pradesh","Guntur","546.1","8564.74","9110.84"
"49","2010","1","Andhra Pradesh","Guntur","596.21","9438.17","10034.38"
"49","2011","1","Andhra Pradesh","Guntur","699.35","11123.21","11822.56"
"49","2012","1","Andhra Pradesh","Guntur","978.0","11445.54","12423.54"
"49","2014","1","Andhra Pradesh","Guntur","-1.0","-1.0","13426.47"
"49","2015","1","Andhra Pradesh","Guntur","-1.0","-1.0","15683.81"
"50","1992","1","Andhra Pradesh","S.P.S. Nellore","1157.32","1689.38","2846.71"
"50","1993","1","Andhra Pradesh","S.P.S. Nellore","841.82","2224.6","3066.42"
"50","1994","1","Andhra Pradesh","S.P.S. Nellore","638.31","1896.07","2534.38"
"50","1995","1","Andhra Pradesh","S.P.S. Nellore","634.07","1491.35","2125.42"
"50","1996","1","Andhra Pradesh","S.P.S. Nellore","652.45","1540.51","2192.96"
"50","1997","1","Andhra Pradesh","S.P.S. Nellore","665.82","1537.86","2203.68"
"50","1998","1","Andhra Pradesh","S.P.S. Nellore","672.71","1504.67","2177.38"
"50","1999","1","Andhra Pradesh","S.P.S. Nellore","678.06","1573.74","2251.8"
"50","2000","1","Andhra Pradesh","S.P.S. Nellore","1263.58","579.52","1843.1"
"50","2001","1","Andhra Pradesh","S.P.S. Nellore","1277.1","2086.1","3363.2"
"50","2002","1","Andhra Pradesh","S.P.S. Nellore","1328.22","2952.76","4280.98"
"50","2003","1","Andhra Pradesh","S.P.S. Nellore","786.42","3072.66","3859.08"
"50","2004","1","Andhra Pradesh","S.P.S. Nellore","368.62","831.6","1200.22"
"50","2005","1","Andhra Pradesh","S.P.S. Nellore","753.2","1403.74","2156.94"
"50","2006","1","Andhra Pradesh","S.P.S. Nellore","51.76","1345.9","1397.66"
"50","2007","1","Andhra Pradesh","S.P.S. Nellore","64.29","1478.0","1542.29"
"50","2008","1","Andhra Pradesh","S.P.S. Nellore","237.96","1133.56","1371.52"
"50","2009","1","Andhra Pradesh","S.P.S. Nellore","232.3","1216.22","1448.52"
"50","2010","1","Andhra Pradesh","S.P.S. Nellore","242.22","1323.92","1566.14"
"50","2011","1","Andhra Pradesh","S.P.S. Nellore","296.18","1785.49","2081.67"
"50","2012","1","Andhra Pradesh","S.P.S. Nellore","540.43","1694.19","2234.62"
"50","2014","1","Andhra Pradesh","S.P.S. Nellore","-1.0","-1.0","2533.37"
"50","2015","1","Andhra Pradesh","S.P.S. Nellore","-1.0","-1.0","2784.85"
"51","1992","1","Andhra Pradesh","Kurnool","474.42","317.84","792.26"
"51","1993","1","Andhra Pradesh","Kurnool","443.21","257.38","700.59"
"51","1994","1","Andhra Pradesh","Kurnool","373.99","340.51","714.5"
"51","1995","1","Andhra Pradesh","Kurnool","409.81","351.34","761.16"
"51","1996","1","Andhra Pradesh","Kurnool","481.66","351.13","832.79"
"51","1997","1","Andhra Pradesh","Kurnool","375.24","357.52","732.76"
"51","1998","1","Andhra Pradesh","Kurnool","407.11","361.32","768.43"
"51","1999","1","Andhra Pradesh","Kurnool","410.92","281.68","692.6"
"51","2000","1","Andhra Pradesh","Kurnool","273.56","816.64","1090.2"
"51","2001","1","Andhra Pradesh","Kurnool","279.2","1160.2","1439.4"
"51","2002","1","Andhra Pradesh","Kurnool","331.39","1888.62","2220.0"
"51","2003","1","Andhra Pradesh","Kurnool","196.44","1865.12","2061.56"
"51","2004","1","Andhra Pradesh","Kurnool","270.84","283.2","554.04"
"51","2005","1","Andhra Pradesh","Kurnool","199.4","958.68","1158.08"
"51","2006","1","Andhra Pradesh","Kurnool","33.32","861.8","895.12"
"51","2007","1","Andhra Pradesh","Kurnool","41.14","945.87","987.01"
"51","2008","1","Andhra Pradesh","Kurnool","351.72","670.92","1022.64"
"51","2009","1","Andhra Pradesh","Kurnool","353.6","765.04","1118.64"
"51","2010","1","Andhra Pradesh","Kurnool","366.51","839.97","1206.48"
"51","2011","1","Andhra Pradesh","Kurnool","380.17","881.59","1261.76"
"51","2012","1","Andhra Pradesh","Kurnool","490.59","793.25","1283.84"
"51","2014","1","Andhra Pradesh","Kurnool","-1.0","-1.0","1710.12"
"51","2015","1","Andhra Pradesh","Kurnool","-1.0","-1.0","1866.43"
"52","1992","1","Andhra Pradesh","Ananthapur","393.89","231.89","625.77"
"52","1993","1","Andhra Pradesh","Ananthapur","440.91","223.32","664.23"
"52","1994","1","Andhra Pradesh","Ananthapur","339.16","275.04","614.2"
"52","1995","1","Andhra Pradesh","Ananthapur","500.97","280.05","781.02"
"52","1996","1","Andhra Pradesh","Ananthapur","434.98","279.73","714.72"
"52","1997","1","Andhra Pradesh","Ananthapur","322.0","284.0","606.0"
"52","1998","1","Andhra Pradesh","Ananthapur","366.4","290.95","657.35"
"52","1999","1","Andhra Pradesh","Ananthapur","356.0","299.0","655.0"
"52","2000","1","Andhra Pradesh","Ananthapur","357.0","309.0","666.0"
"52","2001","1","Andhra Pradesh","Ananthapur","363.0","1319.0","1682.0"
"52","2002","1","Andhra Pradesh","Ananthapur","406.35","1946.56","2352.9"
"52","2003","1","Andhra Pradesh","Ananthapur","240.0","2026.0","2266.0"
"52","2004","1","Andhra Pradesh","Ananthapur","339.0","271.0","610.0"
"52","2005","1","Andhra Pradesh","Ananthapur","278.0","1429.0","1707.0"
"52","2006","1","Andhra Pradesh","Ananthapur","48.0","1248.0","1296.0"
"52","2007","1","Andhra Pradesh","Ananthapur","59.62","1370.68","1430.3"
"52","2008","1","Andhra Pradesh","Ananthapur","303.0","1150.0","1453.0"
"52","2009","1","Andhra Pradesh","Ananthapur","310.0","1293.0","1603.0"
"52","2010","1","Andhra Pradesh","Ananthapur","344.52","1468.48","1813.0"
"52","2011","1","Andhra Pradesh","Ananthapur","378.91","1571.09","1950.0"
"52","2012","1","Andhra Pradesh","Ananthapur","675.54","1608.45","2284.0"
"52","2014","1","Andhra Pradesh","Ananthapur","-1.0","-1.0","1994.57"
"52","2015","1","Andhra Pradesh","Ananthapur","-1.0","-1.0","2127.78"
"53","1992","1","Andhra Pradesh","Kadapa YSR","498.5","379.92","878.42"
"53","1993","1","Andhra Pradesh","Kadapa YSR","394.04","379.4","773.44"
"53","1994","1","Andhra Pradesh","Kadapa YSR","405.78","348.58","754.36"
"53","1995","1","Andhra Pradesh","Kadapa YSR","471.94","299.54","771.49"
"53","1996","1","Andhra Pradesh","Kadapa YSR","397.85","296.9","694.75"
"53","1997","1","Andhra Pradesh","Kadapa YSR","383.0","298.0","681.0"
"53","1998","1","Andhra Pradesh","Kadapa YSR","427.21","311.58","738.79"
"53","1999","1","Andhra Pradesh","Kadapa YSR","402.0","314.0","716.0"
"53","2000","1","Andhra Pradesh","Kadapa YSR","227.0","295.0","522.0"
"53","2001","1","Andhra Pradesh","Kadapa YSR","238.0","1749.0","1987.0"
"53","2002","1","Andhra Pradesh","Kadapa YSR","282.88","2376.91","2659.8"
"53","2003","1","Andhra Pradesh","Kadapa YSR","167.0","2473.0","2640.0"
"53","2004","1","Andhra Pradesh","Kadapa YSR","303.0","250.0","553.0"
"53","2005","1","Andhra Pradesh","Kadapa YSR","186.0","953.0","1139.0"
"53","2006","1","Andhra Pradesh","Kadapa YSR","33.0","857.0","890.0"
"53","2007","1","Andhra Pradesh","Kadapa YSR","40.95","941.45","982.4"
"53","2008","1","Andhra Pradesh","Kadapa YSR","337.0","747.0","1084.0"
"53","2009","1","Andhra Pradesh","Kadapa YSR","325.0","812.0","1137.0"
"53","2010","1","Andhra Pradesh","Kadapa YSR","351.87","890.13","1242.0"
"53","2011","1","Andhra Pradesh","Kadapa YSR","334.42","918.58","1253.0"
"53","2012","1","Andhra Pradesh","Kadapa YSR","396.13","938.87","1335.0"
"53","2014","1","Andhra Pradesh","Kadapa YSR","-1.0","-1.0","1407.72"
"53","2015","1","Andhra Pradesh","Kadapa YSR","-1.0","-1.0","1544.81"
"54","1992","1","Andhra Pradesh","Chittoor","694.02","1694.02","2388.04"
"54","1993","1","Andhra Pradesh","Chittoor","713.26","2450.36","3163.62"
"54","1994","1","Andhra Pradesh","Chittoor","560.6","3584.57","4145.17"
"54","1995","1","Andhra Pradesh","Chittoor","700.81","3704.76","4405.58"
"54","1996","1","Andhra Pradesh","Chittoor","473.95","3714.91","4188.86"
"54","1997","1","Andhra Pradesh","Chittoor","490.0","3631.0","4121.0"
"54","1998","1","Andhra Pradesh","Chittoor","561.36","3610.9","4172.25"
"54","1999","1","Andhra Pradesh","Chittoor","547.0","3548.0","4095.0"
"54","2000","1","Andhra Pradesh","Chittoor","342.0","3466.0","3808.0"
"54","2001","1","Andhra Pradesh","Chittoor","344.0","11126.0","11470.0"
"54","2002","1","Andhra Pradesh","Chittoor","388.18","11757.96","12146.14"
"54","2003","1","Andhra Pradesh","Chittoor","230.0","12236.0","12466.0"
"54","2004","1","Andhra Pradesh","Chittoor","406.0","5747.0","6153.0"
"54","2005","1","Andhra Pradesh","Chittoor","397.0","10826.0","11223.0"
"54","2006","1","Andhra Pradesh","Chittoor","366.0","9526.0","9892.0"
"54","2007","1","Andhra Pradesh","Chittoor","454.97","10459.36","10914.33"
"54","2008","1","Andhra Pradesh","Chittoor","494.0","11289.0","11783.0"
"54","2009","1","Andhra Pradesh","Chittoor","486.0","12191.0","12677.0"
"54","2010","1","Andhra Pradesh","Chittoor","483.09","12824.91","13308.0"
"54","2011","1","Andhra Pradesh","Chittoor","524.72","12795.28","13320.0"
"54","2012","1","Andhra Pradesh","Chittoor","573.58","13435.42","14009.0"
"54","2014","1","Andhra Pradesh","Chittoor","-1.0","-1.0","10114.98"
"54","2015","1","Andhra Pradesh","Chittoor","-1.0","-1.0","10958.08"