State Code,Indian Census State Code 2011,State Name,District Code,Indian Census District Code 2011,District Name,ICRISAT Indian Id,SAT/NONSAT District,Region Code,Region Name,Agro Ecological Zones ICRISAT,Agro Ecological Zones NATP,AEZ Production Zones NATP,Latitude,Longitude
1,280,Andhra Pradesh,44,542,Srikakulam,3219,2,1,Coastal Andhra region,1,2,2.1,18.6,84.3
1,280,Andhra Pradesh,45,544,Visakhapatnam,3220,2,1,Coastal Andhra region,1,2,2.1,17.7,83.3
1,280,Andhra Pradesh,46,545,East Godavari,3205,2,1,Coastal Andhra region,1,2,2.1,17,82.2
1,280,Andhra Pradesh,47,546,West Godavari,3223,2,1,Coastal Andhra region,1,2,2.1,16.8,81.5
1,280,Andhra Pradesh,48,547,Krishna,3210,1,1,Coastal Andhra region,3,2,2.1,16.2,81.1
1,280,Andhra Pradesh,49,548,Guntur,3206,1,1,Coastal Andhra region,3,2,2.1,16.6,79.6
1,280,Andhra Pradesh,50,550,S.P.S.Nellore,3215,1,1,Coastal Andhra region,3,2,2.1,14.5,80
1,280,Andhra Pradesh,51,552,Kurnool,3211,1,2,Rayalaseema region,3,5,5.3,15.8,78.1
1,280,Andhra Pradesh,52,553,Anantapur,3202,2,2,Rayalaseema region,4,5,5.3,14.6,77
1,280,Andhra Pradesh,53,551,Kadapa YSR,3204,1,2,Rayalaseema region,3,5,5.3,14.5,78.8
1,280,Andhra Pradesh,54,554,Chittoor,3203,1,2,Rayalaseema region,3,5,5.3,13.5,78.5
1,280,Andhra Pradesh,503,543,Vizianagaram,3221,2,1,Coastal Andhra region,1,2,2.1,18.1,83.3
1,280,Andhra Pradesh,504,549,Prakasam,3217,1,1,Coastal Andhra region,3,2,2.1,15.3,79.6
2,100,Bihar,902,216,Muzaffarpur,3420,2,2,Tirhut division,2,4,4.1,26.1,85.4
2,100,Bihar,903,215,Darbhanga,3405,2,4,Darbhanga division,1,4,4.1,26.1,85.6
2,100,Bihar,904,214,Saharsa,3430,2,5,Kosi division,1,4,4.1,26.2,86.8
2,100,Bihar,905,211,Purnea,3427,2,6,Purnea division,1,4,4.1,25.8,87.5
2,100,Bihar,906,219,Saran,3434,2,3,Saran division,2,4,4.1,26,84.8
2,100,Bihar,907,230,Patna,3425,1,1,Patna division,3,4,4.1,25.6,85
2,100,Bihar,908,226,Mungair,3419,1,8,Mungair division,3,4,4.1,24.9,86.2
2,100,Bihar,909,224,Bhagalpur,3403,2,7,Bhagalpur division,1,4,4.1,25.15,87.01
2,100,Bihar,912,236,Gaya, 3408,1,9,Magadh division,3,4,4.1,42.49,85.01,
2,100,Bihar,918,229,Nalanda,3435,1,1,Patna division,3,4,4.1,24.8,85
2,100,Bihar,919,237,Nawada,3436,1,9,Magadh division,3,4,4.1,24.53,85.35
2,100,Bihar,920,235,Aurangabad,3437,1,9,Magadh division,3,4,4.1,24.45,84.25
2,100,Bihar,921,231,Bhojpur,3438,1,1,Patna division,3,4,4.1,25.76,94.81
2,100,Bihar,922,234,Rohtas,3439,1,1,Patna division,3,4,4.1,25.07,84.02
2,100,Bihar,923,218,Siwan,3440,2,3,Saran division,2,4,4.1,26.22,84.36
2,100,Bihar,924,217,Gopalganj,3441,2,3,Saran division,1,4,4.1,26.28,84.26
2,100,Bihar,925,204,Champaran(East),3464,2,2,Tirhut division,1,4,4.1,26.61,84.86
2,100,Bihar,926,203,Champaran(West,3426,2,2,Tirhut division,1,4,4.1,27.15,84.35
2,100,Bihar,927,220,Vaishali,3444,2,2,Tirhut division,2,4,4.1,25.68,85.36
2,100,Bihar,928,206,Sitamarhi,3445,2,2,Tirhut division,1,5,5.1,26.56,85.48
2,100,Bihar,929,207,Madhubani,3446,2,4,Darbhanga division,1,4,4.1,26.46,86.17
2,100,Bihar,930,221,Samastipur,3447,2,4,Darbhanga division,2,4,4.1,25.55,85.5
2,100,Bihar,931,222,Begusarai,3448,2,4,Darbhanga division,2,4,4.1,25.42,86.13
2,100,Bihar,932,212,Katihar,3449,2,6,Purnea division,1,5,5.1,25.55,87.62
2,100,Bihar,934,239,Jehanabad,3450,1,9,Magadh division,3,4,4.1,25.21,84.99
2,100,Bihar,935,213,Madhepura,3451,2,5,Kosi division,1,4,4.1,25.93,86.79
2,100,Bihar,936,223,Khagaria,3452,2,8,Mungair division,1,4,4.1,25.48,86.7
2,100,Bihar,945,209,Araria,3453,2,6,Purnea division,1,5,5.1,26.1,87.3
2,100,Bihar,946,210,Kishanganj,3454,2,6,Purnea division,1,5,5.1,26.09,87.93
2,100,Bihar,947,232,Buxar,3455,1,1,Patna division,3,4,4.1,25.34,84.01
2,100,Bihar,948,233,Bhabhua Kaimur,3456,1,1,Patna division,3,4,4.1,25.04,83.61
2,100,Bihar,949,225,Banka,3457,2,7,Bhagalpur division,1,4,4.1,24.89,86.92
2,100,Bihar,950,238,Jamui,3458,1,8,Mungair division,3,4,4.1,24.76,86.34
2,100,Bihar,951,208,Supaul,3459,2,5,Kosi division,1,4,4.1,26.29,86.82
2,100,Bihar,956,227,Lakhisarai,3460,1,8,Mungair division,3,4,4.1,25.19,86.13
2,100,Bihar,958,228,Sheikapura,3461,1,8,Mungair division,3,4,4.1,25.09,85.53
2,100,Bihar,960,205,Sheohar,3462,2,2,Tirhut division,1,5,5.1,26.51,85.29
2,100,Bihar,961,240,Arwal,3463,1,9,Magadh division,3,4,4.1,25.16,84.66
3,240,Gujarat,121,474,Ahmedabad,3501,1,1,Baroda division,3,5,5.4,23.1,72.6
3,240,Gujarat,122,480,Amreli,3502,1,2,Rajkot division,3,5,5.3,21.5,71.1
3,240,Gujarat,123,469,Banaskantha,3503,1,1,Baroda division,3,1,1.2,24.3,71.9
3,240,Gujarat,124,488,Bharuch,3504,1,1,Baroda division,3,5,5.4,21.7,73
3,240,Gujarat,125,486,Vadodara,3518,1,1,Baroda division,3,5,5.4,22.3,73.3
3,240,Gujarat,126,481,Bhavnagar,3506,1,2,Rajkot division,3,5,5.3,21.8,72.2
3,240,Gujarat,127,491,Valsad,3519,1,1,Baroda division,3,5,5.4,20.6,73.2
3,240,Gujarat,128,489,Dangs,3517,1,1,Baroda division,3,5,5.4,20.8,73.6
3,240,Gujarat,129,477,Jamnagar,3507,1,2,Rajkot division,3,1,1.2,22.5,70.1
3,240,Gujarat,130,479,Junagadh,3508,1,2,Rajkot division,3,5,5.3,20.9,70.4
3,240,Gujarat,131,483,Kheda,3510,1,1,Baroda division,3,5,5.4,22.3,73.3
3,240,Gujarat,132,468,Kutch,3509,2,2,Rajkot division,4,1,1.2,23.3,69.8
3,240,Gujarat,133,471,Mehsana,3511,1,1,Baroda division,3,5,5.4,23.8,71.6
3,240,Gujarat,134,484,Panchmahal,3512,1,1,Baroda division,3,5,5.4,22.9,73.8
3,240,Gujarat,135,476,Rajkot,3513,1,2,Rajkot division,3,1,1.2,22.3,70.8
3,240,Gujarat,136,472,Sabarkantha,3514,1,1,Baroda division,3,5,5.3,23.5,73.2
3,240,Gujarat,137,492,Surat,3515,1,1,Baroda division,3,5,5.4,21.2,72.1
3,240,Gujarat,138,475,Surendranagar,3516,1,2,Rajkot division,3,5,5.4,22.8,71.6
3,240,Gujarat,518,473,Gandhinagar,3505,1,1,Baroda division,3,5,5.4,23.22,72.64
3,240,Gujarat,1001,482,Anand,3520,1,1,Baroda division,3,5,5.4,22.32,73
3,240,Gujarat,1002,485,Dahod,3521,1,1,Baroda division,3,5,5.4,22.84,74.25
3,240,Gujarat,1003,487,Narmada,3522,1,1,Baroda division,3,5,5.4,21.88,73.56
3,240,Gujarat,1004,490,Navsari,3523,1,1,Baroda division,3,5,5.4,20.95,72.95
3,240,Gujarat,1005,470,Patan,3524,1,1,Baroda division,3,5,5.4,23.52,72.1
3,240,Gujarat,1006,478,Porbandar,3526,1,2,Rajkot division,3,5,5.3,21.37,69.49
3,240,Gujarat,2001,493,Tapi,3527,1,1,Baroda division,3,5,5.4,21.28,73.61
3,240,Gujarat,250,-1,Aravalli,3528,1,1,Baroda division,3,5,5.3,25.22,73.75
3,240,Gujarat,2051,-1,Botad,3529,1,2,Rajkot division,3,5,5.3,22.17,71.67
3,240,Gujarat,2052,-1,Chhota Udaipur,3530,1,1,Baroda division,3,5,5.4,22.18,74.08
3,240,Gujarat,2053,-1,Devbhoomi Dwarka,3531,1,2,Rajkot division,3,1,1.2,22.12,69.38
3,240,Gujarat,2054,-1,Gir Somnath,3532,1,2,Rajkot division,3,5,5.3,21.01,70.72
3,240,Gujarat,2055,-1,Mahi Sagar,3533,1,1,Baroda division,3,5,5.4,23.17,73.56
3,240,Gujarat,2056,-1,Morbi,3534,1,2,Rajkot division,3,1,1.2,22.81,70.82
4,60,Haryana,177,800,Hissar,3605,2,3,Hissar division,4,4,4.2,29.2,75.7
4,60,Haryana,178,790,Sirsa,3611,2,3,Hissar division,4,4,4.2,29.53,75.02
4,60,Haryana,179,810,Bhiwani,3602,2,3,Hissar division,4,4,4.2,28.46,76.18
4,60,Haryana,180,860,Gurgaon,3604,2,2,Gurgaon division,2,4,4.2,28.5,76.8
4,60,Haryana,181,770,Jind,3606,2,3,Hissar division,2,4,4.1,29.5,76.4
4,60,Haryana,182,840,Mahendragarh,3609,2,2,Gurgaon division,2,4,4.2,28.4,76.2
4,60,Haryana,183,700,Ambala,3601,2,1,Ambala division,2,4,4.1,30.4,76.7
4,60,Haryana,184,740,Karnal,3607,2,4,Rohtak division,2,4,4.1,29.7,77
4,60,Haryana,185,720,Kurukshetra,3608,2,1,Ambala division,2,4,4.1,29.97,76.88
4,60,Haryana,186,820,Rohtak,3610,2,4,Rohtak division,4,4,4.2,28.9,76.6
4,60,Haryana,187,760,Sonepat,3612,2,4,Rohtak division,2,4,4.1,28.99,77.02
4,60,Haryana,188,880,Faridabad,3603,2,4,Rohtak division,2,4,4.1,28.25,77.22
4,60,Haryana,523,710,Yamunanagar,3613,2,1,Ambala division,2,4,4.3,30.13,77.27
4,60,Haryana,524,730,Kaithal,3614,2,1,Ambala division,2,4,4.1,29.42,77.02
4,60,Haryana,525,750,Panipat,3625,2,4,Rohtak division,2,4,4.1,29.39,76.96
4,60,Haryana,526,850,Rewari,3616,2,2,Gurgaon division,2,4,4.2,29.44,76.38
4,60,Haryana,1007,780,Fatehabad,3626,2,3,Hissar division,4,4,4.2,29.31,75.3
4,60,Haryana,1008,830,Jhajjar,3627,2,4,Rohtak division,4,4,4.2,28.61,76.65
4,60,Haryana,1009,690,Panchkula,3628,2,1,Ambala division,2,4,4.1,30.69,76.86
4,60,Haryana,2002,870,Mewat,3629,2,2,Gurgaon division,2,4,4.2,28.01,77.06
4,60,Haryana,2003,890,Palwal,3630,2,2,Gurgaon division,2,4,4.2,28.15,77.33
4,60,Haryana,2057,-1,Charkhi Dadri,3631,2,3,Hissar division,4,4,4.2,28.59,76.27
5,290,Karnataka,65,581,Kolar,3913,1,1,Bangalore division,3,5,5.2,13.1,78.1
5,290,Karnataka,66,571,Tumkur,3918,1,1,Bangalore division,3,5,5.2,13.4,77.1
5,290,Karnataka,67,577,Mysore,3915,1,4,Mysore division,3,5,5.2,12.1,76.3
5,290,Karnataka,68,573,Mandya,3914,1,4,Mysore division,3,5,5.2,12.8,77.8
5,290,Karnataka,69,574,Hassan,3911,2,4,Mysore division,1,5,5.2,13,76.2
5,290,Karnataka,70,568,Shimoge,3917,2,1,Bangalore division,1,5,5.2,13.9,75.6
5,290,Karnataka,71,570,Chickmagalur,3906,2,4,Mysore division,1,5,5.2,13.3,75.8
5,290,Karnataka,72,566,Chitradurga,3907,1,1,Bangalore division,3,5,5.2,14.2,76.4
5,290,Karnataka,73,565,Bellary,3903,2,3,Gulbarga division,4,5,5.2,15.2,76.9
5,290,Karnataka,74,562,Dharwad,3909,1,2,Belgaum division,3,5,5.2,15.5,75
5,290,Karnataka,75,555,Belgaum,3902,1,2,Belgaum division,3,5,5.2,15.9,74.5
5,290,Karnataka,76,557,Bijapur,3905,1,2,Belgaum division,3,5,5.2,16.8,75.7
5,290,Karnataka,77,558,Bidar,3904,1,3,Gulbarga division,3,5,5.2,17.9,77.5
5,290,Karnataka,78,559,Raichur,3916,1,3,Gulbarga division,3,5,5.2,16.2,77.4
5,290,Karnataka,79,579,Gulbarga,3910,1,3,Gulbarga division,3,5,5.2,17.4,76.9
5,290,Karnataka,80,575,Dakshina Kannada,3908,2,4,Mysore division,1,2,2.2,12.9,74.9
5,290,Karnataka,81,563,Uttara Kannada,3919,2,2,Belgaum division,1,2,2.2,14.8,75.5
5,290,Karnataka,82,576,Kodagu,3912,2,4,Mysore division,1,5,5.2,12.4,75.7
5,290,Karnataka,549,583,Bangalore(Rural),3920,1,1,Bangalore division,3,5,5.2,13.28,77.61
5,290,Karnataka,550,572,Bangalore(Urban),3921,1,1,Bangalore division,3,5,5.2,12.97,77.65
5,290,Karnataka,1010,556,Bagalkote,3922,1,2,Belgaum division,3,5,5.2,16.12,75.45
5,290,Karnataka,1011,578,Chamaraja Nagar,3923,1,4,Mysore division,3,5,5.2,11.56,77
5,290,Karnataka,1012,567,Davanagere,3924,1,1,Bangalore division,3,5,5.2,14.31,75.58
5,290,Karnataka,1013,561,Gadag,3925,1,2,Belgaum division,3,5,5.2,15.25,75.42
5,290,Karnataka,1014,564,Haveri,3926,1,2,Belgaum division,3,5,5.2,14.66,75.43
5,290,Karnataka,1015,560,Koppal,3927,1,3,Gulbarga division,3,5,5.2,15.62,76.18
5,290,Karnataka,1016,569,Udupi,3928,2,4,Mysore division,1,2,2.2,13.34,74.74
5,290,Karnataka,2004,584,Ramanagaram,3929,1,1,Bangalore division,3,5,5.2,12.72,77.28
5,290,Karnataka,2005,582,Chikkaballapur,3930,1,1,Bangalore division,3,5,5.2,13.26,77.46
5,290,Karnataka,2025,580,Yadagiri, 3931,2,3,Gulbarga division,3,5,5.2,16.76,77.14,
6,230,Madhya Pradesh,7,451,Jabalpur,1019,1,1,Jabalpur division,3,5,5.1,23,80
6,230,Madhya Pradesh,8,457,Balaghat,1001,2,1,Jabalpur division,1,5,5.1,22.1,80.6
6,230,Madhya Pradesh,9,455,Chhindwara,1008,1,1,Jabalpur division,3,5,5.3,22.1,79
6,230,Madhya Pradesh,10,452,Narsinghpur,1024,2,1,Jabalpur division,1,5,5.3,22.8,79
6,230,Madhya Pradesh,11,456,Seoni,1037,2,1,Jabalpur division,1,5,5.3,22.1,79.7
6,230,Madhya Pradesh,12,454,Mandla,1021,2,1,Jabalpur division,1,5,5.1,25,88.1
6,230,Madhya Pradesh,13,427,Sagar,1033,1,2,Sagar division,3,5,5.3,23.9,78.8
6,230,Madhya Pradesh,14,428,Damoh,1009,1,2,Sagar division,3,5,5.1,24.1,79.6
6,230,Madhya Pradesh,15,424,Tikamgarh,1042,2,2,Sagar division,2,5,5.3,24.9,78.9
6,230,Madhya Pradesh,16,425,Chhatarpur,1007,2,2,Sagar division,2,5,5.3,25.1,79.5
6,230,Madhya Pradesh,17,426,Panna,1025,2,2,Sagar division,2,5,5.1,24.3,80
6,230,Madhya Pradesh,18,430,Rewa,1032,2,3,Rewa division,2,5,5.1,24.5,81.3
6,230,Madhya Pradesh,19,462,Sidhi,1041,1,3,Rewa division,3,5,5.1,24.3,82
6,230,Madhya Pradesh,20,429,Satna,1035,2,3,Rewa division,2,5,5.1,24.6,80.1
6,230,Madhya Pradesh,21,460,Shahdol,1038,1,3,Rewa division,3,5,5.1,23.5,81.1
6,230,Madhya Pradesh,22,421,Gwalior,1016,2,6,Chambal division,2,5,5.3,26.2,78.3
6,230,Madhya Pradesh,23,423,Shivpuri,1040,1,6,Chambal division,3,5,5.3,24.6,77.5
6,230,Madhya Pradesh,24,458,Guna,1015,1,6,Chambal division,3,5,5.3,24.7,77.3
6,230,Madhya Pradesh,25,422,Datia,1010,2,6,Chambal division,2,5,5.3,25.7,78.5
6,230,Madhya Pradesh,26,419,Morena,1023,2,6,Chambal division,2,5,5.3,25.1,76.7
6,230,Madhya Pradesh,27,420,Bhind,1004,2,6,Chambal division,2,5,5.3,21.9,77.7
6,230,Madhya Pradesh,28,439,Indore,1018,1,4,Indore division,3,5,5.3,22.7,75.8
6,230,Madhya Pradesh,29,434,Ratlam,1031,1,5,Ujjain division,3,5,5.3,23,75
6,230,Madhya Pradesh,30,435,Ujjain,1043,1,5,Ujjain division,3,5,5.3,23.3,75.7
6,230,Madhya Pradesh,31,433,Mandsaur,1022,1,5,Ujjain division,3,5,5.3,24.3,75.2
6,230,Madhya Pradesh,32,437,Dewas,1011,1,5,Ujjain division,3,5,5.3,22.6,76.4
6,230,Madhya Pradesh,33,438,Dhar,1012,1,4,Indore division,3,5,5.3,22.5,75
6,230,Madhya Pradesh,34,464,Jhabua,120,1,4,Indore division,3,5,5.3,22.6,74.4
6,230,Madhya Pradesh,35,440,Khargone,1045,1,4,Indore division,3,5,5.3,21.9,75.4
6,230,Madhya Pradesh,36,466,Khandwa,1014,1,4,Indore division,3,5,5.3,21.1,76.4
6,230,Madhya Pradesh,37,445,Sehore,1036,1,7,Bhopal division,3,5,5.3,22.9,77.1
6,230,Madhya Pradesh,38,446,Raisen,1028,1,7,Bhopal division,3,5,5.3,23.2,78.2
6,230,Madhya Pradesh,39,443,Vidisha,1044,1,7,Bhopal division,3,5,5.3,23.9,77.9
6,230,Madhya Pradesh,40,447,Betul,1003,1,7,Bhopal division,3,5,5.3,21.9,77.9
6,230,Madhya Pradesh,41,442,Rajgarh,1029,1,7,Bhopal division,3,5,5.3,23.9,76.8
6,230,Madhya Pradesh,42,436,Shajapur,1039,1,5,Ujjain division,3,5,5.3,23.4,76.4
6,230,Madhya Pradesh,43,449,Hoshangabad,1017,1,7,Bhopal division,3,5,5.3,22.8,77.8
6,230,Madhya Pradesh,502,444,Bhopal,1046,1,7,Bhopal division,3,5,5.3,23.16,77.36
6,230,Madhya Pradesh,1057,453,Dindori,1047,2,1,Jabalpur division,1,5,5.1,22.57,81.41
6,230,Madhya Pradesh,1058,448,Harda,1048,1,7,Bhopal division,3,5,5.3,22.34,77.1
6,230,Madhya Pradesh,1060,441,Barwani,1049,1,4,Indore division,3,5,5.3,22.03,74.57
6,230,Madhya Pradesh,1061,450,Katni,150,1,1,Jabalpur division,3,5,5.1,23.47,80.27
6,230,Madhya Pradesh,1062,432,Neemuch,1051,1,5,Ujjain division,3,5,5.3,24.27,74.52
6,230,Madhya Pradesh,1063,418,Sheopur Kalan,1052,2,6,Chambal division,2,5,5.3,25.67,76.7
6,230,Madhya Pradesh,1064,431,Umaria,1053,1,3,Rewa division,3,5,5.1,23.6,81.08
6,230,Madhya Pradesh,1071,461,Anuppur,1054,1,3,Rewa division,3,5,5.1,23.07,81.78
6,230,Madhya Pradesh,1081,459,Ashoknagar,1055,1,3,Rewa division,3,5,5.1,24.58,77.73
6,230,Madhya Pradesh,1082,467,Burhanpur,1056,2,3,Rewa division,5,5,5.1,21.17,76.17
6,230,Madhya Pradesh,2006,465,Alirajpur,1057,1,4,Indore division,3,5,5.3,22.11,74.24
6,230,Madhya Pradesh,2007,463,Singrauli,1058,1,3,Rewa division,3,5,5.1,24.2,82.66
6,230,Madhya Pradesh,2058,-1,Agar Malwa,1059,1,5,Ujjain division,3,5,5.3,23.71,76.01
7,270,Maharashtra,96,517,Thane,1128,2,1,Konkan division,1,2,2.2,20,72.7
7,270,Maharashtra,97,520,Raigad,1123,2,1,Konkan division,1,2,2.2,18.4,73.1
7,270,Maharashtra,98,528,Ratnagiri,1119,2,1,Konkan division,1,2,2.2,17,73
7,270,Maharashtra,99,516,Nasik,1118,1,2,Nasik division,3,5,5.2,20.6,74.5
7,270,Maharashtra,100,498,Dhule,1109,1,2,Nasik division,3,5,5.2,21.1,74.6
7,270,Maharashtra,101,499,Jalgaon,1112,1,2,Nasik division,3,5,5.4,21.1,75.6
7,270,Maharashtra,102,522,Ahmednagar,1101,1,3,Pune division,3,5,5.2,19.1,74.9
7,270,Maharashtra,103,521,Pune,1122,1,3,Pune division,3,5,5.2,18.5,73.9
7,270,Maharashtra,104,527,Satara,1125,1,4,Kolhapur division,3,5,5.2,17.4,73.6
7,270,Maharashtra,105,531,Sangli,1124,1,4,Kolhapur division,3,5,5.2,16.9,74.8
7,270,Maharashtra,106,526,Solapur,1127,1,3,Pune division,3,5,5.2,17.1,75.9
7,270,Maharashtra,107,530,Kolhapur,1114,2,4,Kolhapur division,1,5,5.2,16.7,74.2
7,270,Maharashtra,108,515,Aurangabad,1104,1,5,Aurangabad division,3,5,5.2,19.9,75.3
7,270,Maharashtra,109,513,Parbhani,1121,1,6,Latur division,3,5,5.4,19.1,76.1
7,270,Maharashtra,110,523,Beed,1105,1,5,Aurangabad division,3,5,5.2,19,75.8
7,270,Maharashtra,111,511,Nanded,1117,1,6,Latur division,3,5,5.4,19.1,77.2
7,270,Maharashtra,112,525,Osmanabad,1120,1,6,Latur division,3,5,5.2,18,76.1
7,270,Maharashtra,113,500,Buldhana,1107,1,7,Amravati division,3,5,5.4,20.5,76.2
7,270,Maharashtra,114,501,Akola,1102,1,7,Amravati division,3,5,5.4,20.7,77
7,270,Maharashtra,115,503,Amarawati,1103,1,7,Amravati division,3,5,5.4,20.9,77.8
7,270,Maharashtra,116,510,Yeotmal,1130,1,7,Amravati division,3,5,5.4,20.4,78.1
7,270,Maharashtra,117,504,Wardha,1129,1,8,Nagpur division,3,5,5.4,20.9,78.4
7,270,Maharashtra,118,505,Nagpur,1116,1,8,Nagpur division,3,5,5.4,21.2,79.1
7,270,Maharashtra,119,506,Bhandara,1106,2,8,Nagpur division,1,5,5.1,20,79.3
7,270,Maharashtra,120,509,Chandrapur,1108,2,8,Nagpur division,1,5,5.4,19.4,80
7,270,Maharashtra,514,514,Jalna,1113,1,8,Nagpur division,3,5,5.2,19.51,75.56
7,270,Maharashtra,515,524,Latur,1115,1,6,Latur division,3,5,5.2,18.24,76.36
7,270,Maharashtra,516,508,Gadchiroli,1110,2,8,Nagpur division,1,5,5.1,19.5,80.28
7,270,Maharashtra,517,529,Sindhudurg,1126,2,1,Konkan division,1,2,2.2,16.35,73.56
7,270,Maharashtra,1072,507,Gondia,1131,2,8,Nagpur division,1,5,5.1,21.28,80.29
7,270,Maharashtra,1073,512,Hingoli,1132,1,6,Latur division,3,5,5.4,19.43,77.11
7,270,Maharashtra,1074,497,Nandurbar,1133,1,2,Nasik division,3,5,5.2,21.23,74.19
7,270,Maharashtra,1075,502,Washim,1134,1,7,Amravati division,3,5,5.4,20.11,77.13
7,270,Maharashtra,1076,518,Mumbai sub,1135,2,1,Konkan division,1,2,2.2,19.15,72.88
7,270,Maharashtra,2027,-1,Mumbai City,1136,2,1,Konkan division,1,2,2.2,19.01,72.86
7,270,Maharashtra,2059,-1,Palghar,1137,2,1,Konkan division,1,2,2.2,19.69,72.77
8,210,Orissa,701,377,Balasore,1502,2,1,Coastal plains,1,2,2.1,21.1,86.9
8,210,Orissa,702,393,Bolangir,1501,2,3,Central plateau,1,5,5.1,20.3,83.2
8,210,Orissa,703,381,Cuttack,1503,2,1,Coastal plains,1,2,2.1,20.8,85.9
8,210,Orissa,704,383,Dhenkanal,1504,2,3,Central plateau,1,5,5.1,20.7,85.6
8,210,Orissa,705,388,Ganjam,1505,2,1,Coastal plains,1,2,2.1,19.3,84.9
8,210,Orissa,706,395,Kalahandi,1506,2,2,Southwestern plateau,1,5,5.1,19.3,83.1
8,210,Orissa,707,375,Keonjhar,1507,2,4,Northern plateau,1,5,5.1,21.6,85.6
8,210,Orissa,708,398,Koraput,1508,2,2,Southwestern plateau,1,5,5.1,18.8,82.7
8,210,Orissa,709,376,Mayurbhanja,1509,2,4,Northern plateau,1,5,5.1,19.1,86.4
8,210,Orissa,710,390,Phulbani(Kandhamal),1510,2,2,Southwestern plateau,1,5,5.1,20.1,84.4
8,210,Orissa,711,387,Puri,1511,2,1,Coastal plains,1,2,2.1,19.8,85.8
8,210,Orissa,712,372,Sambalpur,1512,1,3,Central plateau,3,5,5.1,21.5,84
8,210,Orissa,713,374,Sundargarh,1513,1,4,Northern plateau,3,5,5.1,21.5,84.9
8,210,Orissa,714,378,Bhadrak,1514,2,1,Coastal plains,1,2,2.1,21.03,86.33
8,210,Orissa,716,380,Jagatsinghapur,1515,2,1,Coastal plains,1,2,2.1,20.2,86.34
8,210,Orissa,717,382,Jajapur,1516,2,1,Coastal plains,1,2,2.1,20.77,86.18
8,210,Orissa,718,379,Kendrapara,1517,2,1,Coastal plains,1,2,2.1,20.58,86.66
8,210,Orissa,719,384,Angul,1518,2,3,Central plateau,1,5,5.1,20.84,85.15
8,210,Orissa,720,389,Gajapati,1519,2,1,Coastal plains,1,2,2.1,19.19,84.19
8,210,Orissa,721,394,Nuapada,1520,2,2,Southwestern plateau,1,5,5.1,20.51,82.61
8,210,Orissa,722,399,Malkangiri,1521,2,2,Southwestern plateau,1,5,5.1,18.16,81.95
8,210,Orissa,723,397,Nawarangpur,1522,2,2,Southwestern plateau,1,5,5.1,19.5,82.3
8,210,Orissa,724,396,Rayagada,1523,2,2,Southwestern plateau,1,5,5.1,19.17,83.41
8,210,Orissa,725,386,Khurda,1524,2,1,Coastal plains,1,2,2.1,20.13,85.48
8,210,Orissa,726,385,Nayagarh,1525,2,1,Coastal plains,1,2,2.1,20.17,85.02
8,210,Orissa,728,391,Boudh,1526,2,2,Southwestern plateau,1,5,5.1,20.5,84.52
8,210,Orissa,729,370,Bargarh,1527,1,3,Central plateau,3,5,5.1,21.34,83.62
8,210,Orissa,730,373,Deogarh,1528,1,3,Central plateau,3,5,5.1,21.32,84.46
8,210,Orissa,731,371,Jharsuguda,1529,1,3,Central plateau,3,5,5.1,21.86,84.01
8,210,Orissa,732,392,Sonepur,1530,2,3,Central plateau,1,5,5.1,20.85,83.9
9,30,Punjab,165,350,Gurdaspur,1604,2,2,Mojha division,2,4,4.1,32.3,75.7
9,30,Punjab,166,490,Amritsar,1601,2,2,Mojha division,2,4,4.1,31.6,74.9
9,30,Punjab,167,360,Kapurthala,1608,2,3,Dobra division,2,4,4.1,31.1,75.4
9,30,Punjab,168,370,Jalandhar,1607,2,3,Dobra division,2,4,4.1,31.5,75.6
9,30,Punjab,169,380,Hoshiarpur,1606,2,3,Dobra division,2,4,4.1,31.6,75.9
9,30,Punjab,170,510,Roopnagar,1611,2,1,Malwa division,2,4,4.1,30.3,76.5
9,30,Punjab,171,410,Ludhiana,1609,2,1,Malwa division,2,4,4.1,30.9,75.9
9,30,Punjab,172,430,Ferozpur,1605,2,2,Mojha division,4,4,4.1,30.9,74.6
9,30,Punjab,173,450,Faridkot,1603,2,2,Mojha division,4,4,4.2,30.68,74.76
9,30,Punjab,174,460,Bhatinda,1602,2,1,Malwa division,4,4,4.2,31.6,75.3
9,30,Punjab,175,530,Sangrur,1612,2,1,Malwa division,4,4,4.1,31,75.9
9,30,Punjab,176,480,Patiala,1610,2,1,Malwa division,2,4,4.1,30,76.5
9,30,Punjab,545,470,Mansa,1613,2,1,Malwa division,4,4,4.2,30.01,75.39
9,30,Punjab,546,400,Fatehgarh Sahib,1614,2,1,Malwa division,2,4,4.1,30.68,76.41
9,30,Punjab,1017,390,S.B.S Nagar,1615,2,3,Dobra division,2,4,4.1,31.09,76.04
9,30,Punjab,1018,440,Shri Mukatsar Sahib,1616,2,2,Mojha division,4,4,4.2,30.48,74.51
9,30,Punjab,1019,420,Moga,1617,2,2,Mojha division,4,4,4.2,30.82,75.17
9,30,Punjab,2009,500,Taran Taran,1619,2,2,Mojha division,2,4,4.1,31.45,74.93
9,30,Punjab,2010,540,Barnala,1620,2,1,Malwa division,4,4,4.1,30.4,75.48
9,30,Punjab,2011,520,S.A.S Nagar,1621,2,1,Malwa division,2,4,4.1,30.7,76.72
9,30,Punjab,230,541,Pathankot,1622,2,2,Mojha division,2,4,4.1,32.17,75.42
9,30,Punjab,2043,542,Fazilka,1623,2,2,Mojha division,4,4,4.1,30.25,74.04
10,80,Rajasthan,139,119,Ajmer,1701,1,2,Ajmer division,3,5,5.3,26.5,74.6
10,80,Rajasthan,140,104,Alwar,1702,2,3,Jaipur division,2,4,4.2,26.4,76.6
10,80,Rajasthan,141,125,Banswara,1703,1,5,Udaipur division,3,5,5.3,23.6,74.5
10,80,Rajasthan,142,115,Barmer,1704,2,4,Jodhpur division,4,1,1.1,25.8,71.4
10,80,Rajasthan,143,105,Bharatpur,1705,2,3,Jaipur division,2,4,4.2,26.7,77.9
10,80,Rajasthan,144,122,Bhilwara,1706,1,2,Ajmer division,3,5,5.3,25.6,74.9
10,80,Rajasthan,145,101,Bikaner,1707,2,1,Bikaner division,4,1,1.2,28,73.3
10,80,Rajasthan,146,121,Bundi,1708,1,6,Kota division,3,5,5.3,25.6,75.7
10,80,Rajasthan,147,126,Chittorgarh,1709,1,5,Udaipur division,3,5,5.3,24.8,75.5
10,80,Rajasthan,148,102,Churu,1710,2,1,Bikaner division,4,1,1.2,28.4,74.4
10,80,Rajasthan,149,124,Dungarpur,1712,1,5,Udaipur division,3,5,5.3,23.8,73.9
10,80,Rajasthan,150,990,Ganganagar,1713,2,1,Bikaner division,4,4,4.2,29.9,73.9
10,80,Rajasthan,151,110,Jaipur,1714,2,3,Jaipur division,2,4,4.2,26.9,75.8
10,80,Rajasthan,152,114,Jaisalmer,1715,2,4,Jodhpur division,4,1,1.1,26.9,70.9
10,80,Rajasthan,153,116,Jalore,1716,2,4,Jodhpur division,4,1,1.1,25.1,72.2
10,80,Rajasthan,154,129,Jhalawar,1717,1,6,Kota division,3,5,5.3,24.5,76.2
10,80,Rajasthan,155,103,Jhunjhunu,1718,2,3,Jaipur division,4,1,1.1,28.1,75.5
10,80,Rajasthan,156,113,Jodhpur,1719,2,4,Jodhpur division,4,1,1.1,26.3,73.1
10,80,Rajasthan,157,127,Kota,1720,1,6,Kota division,3,5,5.3,25.2,75.9
10,80,Rajasthan,158,112,Nagaur,1721,2,2,Ajmer division,4,1,1.1,27,74
10,80,Rajasthan,159,118,Pali,1722,1,4,Jodhpur division,3,1,1.1,25.7,73.6
10,80,Rajasthan,160,108,Swami Madhopur,1723,2,6,Kota division,2,5,5.3,26.4,76.8
10,80,Rajasthan,161,111,Sikar,1724,2,3,Jaipur division,2,1,1.1,27.6,75.1
10,80,Rajasthan,162,117,Sirohi,1726,1,4,Jodhpur division,3,1,1.1,24.7,72.7
10,80,Rajasthan,163,120,Tonk,1725,1,2,Ajmer division,3,5,5.3,26.1,75.6
10,80,Rajasthan,164,130,Udaipur,1727,1,5,Udaipur division,3,5,5.3,24.6,73.7
10,80,Rajasthan,519,106,Dholpur,1711,2,3,Jaipur division,2,5,5.3,26.7,77.89
10,80,Rajasthan,536,128,Baran,1728,1,6,Kota division,3,5,5.3,25.1,76.51
10,80,Rajasthan,537,109,Dausa,1729,2,3,Jaipur division,2,4,4.2,26.91,76.33
10,80,Rajasthan,538,123,Rajsamand,1730,1,5,Udaipur division,3,5,5.3,25.07,73.88
10,80,Rajasthan,539,100,Hanumangarh,1731,2,1,Bikaner division,4,4,4.2,29.58,74.33
10,80,Rajasthan,120,107,Karoli,1732,2,6,Kota division,2,5,5.3,26.49,77.02
10,80,Rajasthan,2012,131,Pratapgarh,1733,1,5,Udaipur division,3,5,5.3,24.03,74.78
11,330,Tamil Nadu,83,604,Chengalpattu MGR Kancheepuram,1930,2,2,Tondai Nadu region,1,2,2.1,12.88,79.87
11,330,Tamil Nadu,84,617,South Arcot Cuddalore,1915,2,2,Tondai Nadu region,1,2,2.1,9.3,78.3
11,330,Tamil Nadu,85,605,North Arcot Vellore,1909,1,2,Tondai Nadu region,3,5,5.1,12.9,79.2
11,330,Tamil Nadu,86,608,Salem,1914,1,3,Kongu Nadu region,3,5,5.3,11.7,78
11,330,Tamil Nadu,87,632,Coimbatore,1902,1,3,Kongu Nadu region,3,5,5.1,11,77
11,330,Tamil Nadu,88,614,Tiruchirapalli Trichy,1917,1,1,Chola Nadu region,3,5,5.1,10.8,78.7
11,330,Tamil Nadu,89,620,Thanjavur,1916,1,1,Chola Nadu region,3,2,2.1,10.8,79.9
11,330,Tamil Nadu,90,623,Madurai,1907,1,4,Pandya Nadu region,3,5,5.1,9.93,78.12
11,330,Tamil Nadu,91,626,Ramananthapuram,1913,1,4,Pandya Nadu region,3,2,2.1,9.2,78.5
11,330,Tamil Nadu,92,628,Thirunelveli,1918,1,4,Pandya Nadu region,3,5,5.1,8.7,77.8
11,330,Tamil Nadu,93,611,The Nilgiris,1908,2,3,Kongu Nadu region,1,5,5.1,11.4,77.4
11,330,Tamil Nadu,94,629,Kanyakumari,1905,1,4,Pandya Nadu region,3,2,2.2,8.3,77.3
11,330,Tamil Nadu,506,630,Dharmapuri,1919,1,2,Tondai Nadu region,3,5,5.3,12.11,78.14
11,330,Tamil Nadu,507,610,Periyar(Erode),1920,1,3,Kongu Nadu region,3,5,5.1,11.34,77.72
11,330,Tamil Nadu,508,621,Pudukkottai,1921,1,1,Chola Nadu region,3,5,5.1,10.37,78.82
11,330,Tamil Nadu,509,612,Dindigul Anna,1922,1,4,Pandya Nadu region,3,5,5.1,10.37,77.98
11,330,Tamil Nadu,510,625,Virudhunagar Kamarajar,1923,1,4,Pandya Nadu region,3,5,5.1,9.42,77.84
11,330,Tamil Nadu,512,622,Sivagangai Pasumpon,1924,1,4,Pandya Nadu region,3,5,5.1,9.97,78.57
11,330,Tamil Nadu,513,627,Chidambanar Toothukudi,1925,1,4,Pandya Nadu region,3,5,5.1,11.4,79.7
11,330,Tamil Nadu,521,606,Thiruvannamalai,1926,1,2,Tondai Nadu region,3,5,5.1,12.23,79.07
11,330,Tamil Nadu,542,618,Nagapattinam,1927,1,1,Chola Nadu region,3,2,2.1,10.77,79.84
11,330,Tamil Nadu,543,607,Villupuram,1928,2,1,Chola Nadu region,1,2,2.1,11.96,79.29
11,330,Tamil Nadu,999,603,Chennai,1929,2,2,Tondai Nadu region,0,2,2.1,13.1,80.2
11,330,Tamil Nadu,1022,613,Karur,1931,1,1,Chola Nadu region,3,5,5.1,10.96,78.08
11,330,Tamil Nadu,1023,609,Namakkal,1932,1,3,Kongu Nadu region,3,5,5.3,11.21,78.17
11,330,Tamil Nadu,1024,615,Perambular,1933,1,1,Chola Nadu region,3,5,5.1,11.24,78.87
11,330,Tamil Nadu,1025,624,Theni,1934,1,4,Pandya Nadu region,3,5,5.1,10.01,77.48
11,330,Tamil Nadu,1026,619,Tiruvarur,1935,1,1,Chola Nadu region,3,2,2.1,10.77,79.63
11,330,Tamil Nadu,1027,602,Thiruvallur,1936,2,2,Tondai Nadu region,1,2,2.1,13.25,80.01
11,330,Tamil Nadu,1077,616,Ariyalur,1937,1,1,Chola Nadu region,3,5,5.1,11.24,79.29
11,330,Tamil Nadu,180,631,Krishnagiri,1938,1,2,Tondai Nadu region,3,5,5.3,12.63,78.02
11,330,Tamil Nadu,220,633,Thiruppur,1939,1,1,Chola Nadu region,3,5,5.1,11.11,77.34
12,90,Uttar Pradesh,189,132,Saharanpur,2150,2,1,Saharanpur division,2,4,4.3,29.9,77.9
12,90,Uttar Pradesh,190,133,Muzaffarnagar,2143,2,1,Saharanpur division,2,4,4.3,29.5,77.7
12,90,Uttar Pradesh,191,138,Meerut,2140,2,3,Meerut division,2,4,4.3,29,77.7
12,90,Uttar Pradesh,192,142,Buland Shahar,2114,2,3,Meerut division,2,4,4.1,28.3,77.9
12,90,Uttar Pradesh,193,140,Ghaziabad,2124,2,3,Meerut division,2,4,4.3,28.67,77.45
12,90,Uttar Pradesh,194,143,Aligarh,2102,2,5,Aligarh division,2,4,4.1,27.9,78.1
12,90,Uttar Pradesh,195,145,Mathura,2139,2,4,Agra division,2,4,4.1,27.6,77.6
12,90,Uttar Pradesh,196,146,Agra,2101,2,4,Agra division,2,4,4.1,27.2,78
12,90,Uttar Pradesh,197,148,Mainpuri,2138,2,4,Agra division,2,4,4.1,27.3,79.1
12,90,Uttar Pradesh,198,201,Etah,2118,2,5,Aligarh division,2,4,4.1,27.6,78.8
12,90,Uttar Pradesh,199,150,Bareilly,2110,2,6,Bareilly division,2,4,4.1,28.4,79.4
12,90,Uttar Pradesh,200,149,Budaun,2113,2,6,Bareilly division,2,4,4.1,28.1,79
12,90,Uttar Pradesh,201,135,Moradabad,2142,2,2,Moradabad division,2,4,4.3,28.7,78.7
12,90,Uttar Pradesh,202,152,Shahjahanpur,2151,2,6,Bareilly division,2,4,4.1,28,79.9
12,90,Uttar Pradesh,203,151,Pilibhit,2145,2,6,Bareilly division,2,4,4.1,28.5,79.9
12,90,Uttar Pradesh,204,136,Rampur,2149,2,2,Moradabad division,2,4,4.1,28.8,79.1
12,90,Uttar Pradesh,205,134,Bijnor,2112,2,2,Moradabad division,2,4,4.3,28.7,78.7
12,90,Uttar Pradesh,206,159,Farrukhabad,2121,2,8,Kanpur division,2,4,4.1,27.2,79.5
12,90,Uttar Pradesh,207,161,Etawah,2119,2,8,Kanpur division,2,4,4.1,27.1,78.7
12,90,Uttar Pradesh,209,172,Fatehpur,2122,2,11,Allahabad division,2,4,4.1,25.9,80.1
12,90,Uttar Pradesh,210,175,Allahabad,2103,2,11,Allahabad division,2,4,4.1,25.5,81.7
12,90,Uttar Pradesh,211,166,Jhansi,2132,2,9,Jhansi division,2,5,5.3,25.5,78.6
12,90,Uttar Pradesh,212,167,Lalitpur,2136,1,9,Jhansi division,3,5,5.3,24.69,78.41
12,90,Uttar Pradesh,213,165,Jalaun,2130,2,9,Jhansi division,2,5,5.3,26,79.5
12,90,Uttar Pradesh,214,168,Hamirpur,2128,2,10,Chitrakut division,2,5,5.3,25.5,79.9
12,90,Uttar Pradesh,215,170,Banda,2108,2,10,Chitrakut division,2,5,5.3,25.5,80.4
12,90,Uttar Pradesh,216,197,Varanasi,2157,2,17,Varanasi division,2,4,4.1,25.3,83
12,90,Uttar Pradesh,217,199,Mirzpur,2141,2,18,Vindhyachal division,2,4,4.1,25,82.6
12,90,Uttar Pradesh,218,194,Jaunpur,2131,2,17,Varanasi division,2,4,4.1,25.7,82.6
12,90,Uttar Pradesh,219,195,Ghazipur,2125,2,17,Varanasi division,2,4,4.1,25.7,83.6
12,90,Uttar Pradesh,220,193,Ballia,2107,2,16,Azamgarh division,2,4,4.1,25.9,84
12,90,Uttar Pradesh,221,188,Gorakhpur,2127,2,15,Gorakhpur division,1,4,4.1,26.8,83.4
12,90,Uttar Pradesh,222,190,Deoria,2117,2,15,Gorakhpur division,1,4,4.1,26.8,83.9
12,90,Uttar Pradesh,223,185,Basti,2111,2,14,Basti division,2,4,4.1,26.8,82.8
12,90,Uttar Pradesh,224,191,Azamgarh,2105,2,16,Azamgarh division,2,4,4.1,26,83.2
12,90,Uttar Pradesh,225,157,Lucknow,2137,2,7,Lucknow division,2,4,4.1,26.9,80.9
12,90,Uttar Pradesh,226,156,Unnao,2155,2,7,Lucknow division,2,4,4.1,26.6,80.5
12,90,Uttar Pradesh,227,158,Rae - Bareily,2148,2,7,Lucknow division,2,4,4.1,26.2,81.2
12,90,Uttar Pradesh,228,154,Sitapur,2152,2,7,Lucknow division,2,4,4.1,27.6,80.8
12,90,Uttar Pradesh,229,155,Hardoi,2129,2,7,Lucknow division,2,4,4.1,27.4,80.1
12,90,Uttar Pradesh,230,153,Kheri,2135,2,7,Lucknow division,1,4,4.1,27.9,80.8
12,90,Uttar Pradesh,231,177,Faizabad,2120,2,12,Faizabad division,2,4,4.1,26.5,82.4
12,90,Uttar Pradesh,232,183,Gonda,2126,2,13,Devipatan division,1,4,4.1,27.1,82
12,90,Uttar Pradesh,233,180,Bahraich,2106,2,13,Devipatan division,1,4,4.1,27.6,81.6
12,90,Uttar Pradesh,234,179,Sultanpur,2153,2,12,Faizabad division,2,4,4.1,26.2,82
12,90,Uttar Pradesh,235,173,Pratapgarh,2147,2,11,Allahabad division,2,4,4.1,25.8,81.8
12,90,Uttar Pradesh,236,176,Barabanki,2109,2,12,Faizabad division,2,4,4.1,26.9,81.3
12,90,Uttar Pradesh,528,147,Firozabad,2159,2,4,Agra division,2,4,4.1,27.16,78.41
12,90,Uttar Pradesh,529,200,Sonbhadra,2163,2,18,Vindhyachal division,2,4,4.1,24.46,82.99
12,90,Uttar Pradesh,530,192,Mau,2162,2,16,Azamgarh division,2,4,4.1,25.95,83.56
12,90,Uttar Pradesh,531,187,Mahrajgani,2161,2,15,Gorakhpur division,1,4,4.1,27.14,83.56
12,90,Uttar Pradesh,532,184,Sidharthnagar,2160,2,14,Basti division,1,4,4.1,27.27,82.82
12,90,Uttar Pradesh,533,169,Mahoba,2165,2,10,Chitrakut division,2,5,5.3,25.29,79.87
12,90,Uttar Pradesh,547,164,Kanpur Nagar,2168,2,8,Kanpur division,2,4,4.1,26.41,80.23
12,90,Uttar Pradesh,548,163,Kanpur Dehat,2169,2,8,Kanpur division,2,4,4.1,26.53,79.83
12,90,Uttar Pradesh,1028,178,Ambedkar Nagar,2170,2,12,Faizabad division,2,4,4.1,26.47,82.69
12,90,Uttar Pradesh,1029,189,Kushi Nagar Padrauna,2171,2,15,Gorakhpur division,1,4,4.1,26.74,83.89
12,90,Uttar Pradesh,1031,162,Auraiya,2172,2,8,Kanpur division,2,4,4.1,26.69,79.47
12,90,Uttar Pradesh,1033,139,Bagpat,2173,2,3,Meerut division,2,4,4.3,29.05,77.33
12,90,Uttar Pradesh,1034,182,Balrampur,2174,2,13,Devipatan division,1,4,4.1,27.43,82.3
12,90,Uttar Pradesh,1036,196,Chandauli,2175,2,17,Varanasi division,2,4,4.1,25.18,83.29
12,90,Uttar Pradesh,1037,171,Chitrakoot,2176,2,10,Chitrakut division,2,5,5.3,25.11,81.08
12,90,Uttar Pradesh,1038,141,G.B.Nagar,2177,2,3,Meerut division,2,4,4.3,28.34,77.61
12,90,Uttar Pradesh,1039,144,Hathras,2178,2,5,Aligarh division,2,4,4.1,27.61,78.05
12,90,Uttar Pradesh,1040,137,Amroha J.B.Fulenagar,2179,2,2,Moradabad division,2,4,4.3,28.9,78.47
12,90,Uttar Pradesh,1041,160,Kannauj,2180,2,8,Kanpur division,2,4,4.1,27.05,79.91
12,90,Uttar Pradesh,1042,174,Kushambi,2181,2,11,Allahabad division,2,4,4.1,25.51,81.43
12,90,Uttar Pradesh,1044,198,Santh Ravi Das Nagar Bhadoi,2182,2,18,Vindhyachal division,2,4,4.1,25.33,82.43
12,90,Uttar Pradesh,1045,186,Santh Kabir Nagar, 2183, 2, 14, Basti division,2,4,4.1,26.77,83.03,,,,
12,90,Uttar Pradesh,1046,181,Shravasti, 2184, 2, 13, Devipatan division,1,4,4.1,27.61,81.85,,,,
12,90,Uttar Pradesh,2013,202,Kasganj Khansi Ram Nagar,2185,2,5,Aligarh division,2,4,4.1,27.8,78.79
12,90,Uttar Pradesh,2026,-1,Amethi C.S.M.Nagar,2186,2,12,Faizabad division,2,4,4.1,26.32,81.65
12,90,Uttar Pradesh,2031,-1,Sambhal,2187,2,2,Moradabad division,2,4,4.3,28.59,78.57
12,90,Uttar Pradesh,2032,-1,Shamli,2188,2,1,Saharanpur division,2,4,4.3,29.45,77.32
12,90,Uttar Pradesh,2033,-1,Hapur,2189,2,3,Meerut division,2,4,4.3,28.73,77.78
13,190,West Bengal,801,343,24 - Paraganas South,2223,2,3,Presidency division,1,4,4.1,22.14,88.4
13,190,West Bengal,802,337,24 - Paraganas North,2217,2,3,Presidency division,1,4,4.1,22.62,88.4
13,190,West Bengal,803,336,Nadia,2213,2,3,Presidency division,1,4,4.1,23.4,88.5
13,190,West Bengal,804,333,Murshidabad,2212,2,3,Presidency division,1,4,4.1,24.1,88.3
13,190,West Bengal,805,335,Burdwan,2202,2,2,Burdwan division,1,4,4.1,23.2,87.9
13,190,West Bengal,806,334,Birbhum,2203,2,2,Burdwan division,1,4,4.1,23.7,87.7
13,190,West Bengal,807,339,Bankura,2201,2,2,Burdwan division,1,5,5.1,24.4,87.2
13,190,West Bengal,810,338,Hooghly,2207,2,2,Burdwan division,1,4,4.1,22.9,88.3
13,190,West Bengal,811,-1,Jhargram,2225,2,2,Burdwan division,1,5,5.1,22.46,87
13,190,West Bengal,811,341,Howrah,2206,2,3,Presidency division,1,4,4.1,22.6,88
13,190,West Bengal,812,328,Jalpaiguri,2208,2,1,Jalpaiguri division,1,3,3.2,26.5,88.7
13,190,West Bengal,813,327,Darjeeling,2205,2,1,Jalpaiguri division,1,3,3.2,27.1,88.3
13,190,West Bengal,814,332,Malda,2210,2,1,Jalpaiguri division,1,4,4.1,25,88.1
13,190,West Bengal,815,-1,Kalimpong,2226,2,1,Jalpaiguri division,1,3,3.2,27.06,88.47
13,190,West Bengal,816,329,Cooch Behar,2209,2,1,Jalpaiguri division,2,5,5.1,26,89.5
13,190,West Bengal,817,340,Purulia,2214,2,2,Burdwan division,1,5,5.1,23,86.4
13,190,West Bengal,819,330,Uttar Dinajpur,2218,2,1,Jalpaiguri division,1,5,5.1,25.98,88.05
13,190,West Bengal,820,331,Dakshin Dinajpur,2219,2,1,Jalpaiguri division,1,5,5.1,25.37,88.56
13,190,West Bengal,821,342,Kolkata,2220,2,3,Presidency division,1,5,5.1,24,88
13,190,West Bengal,823,345,East Midnapore Purba Midnapore,2221,2,2,Burdwan division,1,5,5.1,21.94,87.78
13,190,West Bengal,824,344,West Midnapore,2222,2,2,Burdwan division,1,5,5.1,22.41,87.38
13,190,West Bengal,825,-1,Paschim Bardhaman,2227,2,2,Burdwan division,1,4,4.1,23.23,87.86
13,190,West Bengal,2060,-1,Alipurduar,2224,2,1,Jalpaiguri division,1,3,3.2,26.49,89.53
14,220,Chhattisgarh,1,409,Durg,1013,1,2,Durg division,3,5,5.1,21.2,81.3
14,220,Chhattisgarh,2,414,Bastar,1002,2,1,Bastar division,1,5,5.1,19.1,82
14,220,Chhattisgarh,3,410,Raipur,1027,1,3,Raipur division,3,5,5.1,21.2,81.7
14,220,Chhattisgarh,4,406,Bilaspur,1006,1,4,Bilaspur division,3,5,5.1,22.1,82.1
14,220,Chhattisgarh,5,403,Raigarh,1026,1,4,Bilaspur division,3,5,5.1,21.9,83.4
14,220,Chhattisgarh,6,401,Surguja,1034,1,5,Surguja division,3,5,5.1,23.1,83.2
14,220,Chhattisgarh,501,408,Rajnandgaon,1005,2,2,Durg division,1,5,5.1,21.1,81.03
14,220,Chhattisgarh,1055,416,Dantewara,1059,2,1,Bastar division,1,5,5.1,18.85,81.38
14,220,Chhattisgarh,1056,412,Dhamtari,1060,1,3,Raipur division,3,5,5.1,20.7,81.55
14,220,Chhattisgarh,1059,405,Janjgir,1061,1,4,Bilaspur division,3,5,5.1,22.01,82.58
14,220,Chhattisgarh,1065,400,Koriya,1062,1,5,Surguja division,3,5,5.1,23.39,82.39
14,220,Chhattisgarh,1066,402,Jashpur,1063,1,5,Surguja division,3,5,5.1,22.79,83.85
14,220,Chhattisgarh,1067,404,Korba,1064,1,4,Bilaspur division,3,5,5.1,22.36,82.75
14,220,Chhattisgarh,1068,407,Kawardha,1065,2,2,Durg division,1,5,5.1,22.01,81.22
14,220,Chhattisgarh,1069,411,Mahasmund,1066,1,3,Raipur division,3,5,5.1,21.11,82.11
14,220,Chhattisgarh,1070,413,Kanker,1067,2,1,Bastar division,1,5,5.1,20.27,81.49
14,220,Chhattisgarh,2014,417,Bijapur,1068,2,1,Bastar division,1,5,5.1,18.86,80.72
14,220,Chhattisgarh,2015,415,Narayanpur,1069,2,1,Bastar division,1,5,5.1,19.72,81.24
14,220,Chhattisgarh,2034,-1,Balod,1070,1,2,Durg division,3,5,5.1,20.78,81.25
14,220,Chhattisgarh,2035,-1,Baloda Bazar,1071,1,3,Raipur division,3,5,5.1,21.66,82.16
14,220,Chhattisgarh,2036,-1,Balrampur,1072,1,5,Surguja division,3,5,5.1,23.61,83.61
14,220,Chhattisgarh,2037,-1,Bemetra,1073,1,2,Durg division,3,5,5.1,21.69,81.56
14,220,Chhattisgarh,2038,-1,Gariaband,1074,1,3,Raipur division,3,5,5.1,20.26,82.3
14,220,Chhattisgarh,2039,-1,Kondagaon,1075,2,1,Bastar division,1,5,5.1,19.61,81.66
14,220,Chhattisgarh,2040,-1,Mungli,1076,1,4,Bilaspur division,3,5,5.1,22.17,81.73
14,220,Chhattisgarh,2041,-1,Sukma,1077,2,1,Bastar division,1,5,5.1,18.39,81.65
14,220,Chhattisgarh,2042,-1,Surajpur,1078,1,5,Surguja division,3,5,5.1,23.21,82.87
15,200,Jharkhand,910,362,Santhal Paragana Dumka,3442,1,4,Santhal Paragana division,3,5,5.1,24.9,87.6
15,200,Jharkhand,913,360,Hazaribagh,3413,2,2,North Chotanagpur division,1,5,5.1,24,85.4
15,200,Jharkhand,914,354,Dhanbad,3407,2,2,North Chotanagpur division,1,5,5.1,23.8,86.4
15,200,Jharkhand,915,358,Palamau,3423,1,3,Palamau division,3,5,5.1,24.1,84.1
15,200,Jharkhand,916,364,Ranchi,3428,2,1,South Chotanagpur division,1,5,5.1,23.4,85
15,200,Jharkhand,933,349,Giridih,3467,1,2,North Chotanagpur division,3,5,5.1,24.19,86.31
15,200,Jharkhand,937,351,Godda,3468,2,4,Santhal Paragana division,1,5,5.1,24.83,87.21
15,200,Jharkhand,938,352,Sahebganj,3469,2,4,Santhal Paragana division,1,5,5.1,25.24,87.65
15,200,Jharkhand,940,350,Devghar Deogarh,3470,1,4,Santhal Paragana division,3,5,5.1,21.48,86.69
15,200,Jharkhand,941,356,Lohardagga,3471,2,1,South Chotanagpur division,1,5,5.1,23.43,84.65
15,200,Jharkhand,942,366,Gumla,3472,2,1,South Chotanagpur division,1,5,5.1,23.19,84.52
15,200,Jharkhand,943,357,Singhbhum East,3473,2,5,Kolhan division,1,5,5.1,22.49,86.51
15,200,Jharkhand,944,368,Singhbhum West,3474,2,5,Kolhan division,1,5,5.1,22.37,85.44
15,200,Jharkhand,952,347,Chatra,3475,2,2,North Chotanagpur division,1,5,5.1,24.21,84.87
15,200,Jharkhand,953,355,Bokaro,3476,2,2,North Chotanagpur division,1,5,5.1,23.7,86.15
15,200,Jharkhand,954,346,Gadva Garhwa,3477,1,3,Palamau division,3,5,5.1,24.11,83.68
15,200,Jharkhand,955,348,Khodrama Koderma,3478,1,2,North Chotanagpur division,3,5,5.1,24.51,85.73
15,200,Jharkhand,957,353,Pakund Pakur,3479,2,4,Santhal Paragana division,1,5,5.1,24.55,87.66
15,200,Jharkhand,962,363,Jamtara,3480,1,4,Santhal Paragana division,3,5,5.1,23.95,86.82
15,200,Jharkhand,963,359,Latehar,3481,1,3,Palamau division,3,5,5.1,23.76,84.35
15,200,Jharkhand,964,369,Sariakela Kharsawan,3482,2,5,Kolhan division,1,5,5.1,22.7,85.93
15,200,Jharkhand,965,367,Simdega,3483,2,1,South Chotanagpur division,1,5,5.1,22.63,84.69
15,200,Jharkhand,2023,365,Khunti,3484,2,1,South Chotanagpur division,1,5,5.1,23.08,85.28
15,200,Jharkhand,2024,361,Ramgadh,3485,2,2,North Chotanagpur division,1,5,5.1,23.65,85.56
16,50,Uttarakhand,237,660,Nainital,2144,2,2,Kumaon division,1,3,3.3,29.5,79.7
16,50,Uttarakhand,238,640,Almorah,2104,2,2,Kumaon division,1,3,3.3,29.8,79.5
16,50,Uttarakhand,239,620,Pithorgarh,2146,2,2,Kumaon division,1,3,3.3,30,80.4
16,50,Uttarakhand,240,570,Chamoli,2115,2,1,Garhwal division,4,3,3.3,30.5,79.7
16,50,Uttarakhand,241,560,Uttar Kashi,2156,2,1,Garhwal division,4,3,3.3,30.9,78.5
16,50,Uttarakhand,242,590,Tehri Garhwal,2154,2,1,Garhwal division,1,3,3.3,30.5,78.7
16,50,Uttarakhand,243,610,Garhwal,2123,2,1,Garhwal division,1,3,3.3,29.9,78.9
16,50,Uttarakhand,244,600,Dehradun,2116,2,1,Garhwal division,1,3,3.3,30.3,78
16,50,Uttarakhand,527,680,Haridwar,2158,2,1,Garhwal division,1,4,4.3,29.95,78.16
16,50,Uttarakhand,1030,670,Udham Singh Nagar,2187,2,2,Kumaon division,1,3,3.3,28.96,79.52
16,50,Uttarakhand,1032,630,Bageshwar,2188,2,2,Kumaon division,1,3,3.3,29.84,79.77
16,50,Uttarakhand,1035,650,Champavat,2189,2,2,Kumaon division,1,3,3.3,29.32,80.01
16,50,Uttarakhand,1043,580,Rudraprayag,2190,2,1,Garhwal division,4,3,3.3,30.28,78.98
17,180,Assam,601,316,Cachar,3315,2,2,Uppar brahamaputra,1,3,3.2,24.5,92.5
17,180,Assam,602,325,Darrang,3304,2,1,Lower brahamaputra,1,5,5.1,26.9,92.2
17,180,Assam,603,310,Dibrugarh,3303,2,2,Uppar brahamaputra,1,5,5.1,27.3,94.5
17,180,Assam,604,302,Goalpara,3305,2,1,Lower brahamaputra,1,5,5.1,26.1,90.4
17,180,Assam,605,321,Kamrup,3306,2,1,Lower brahamaputra,1,5,5.1,26.1,91.4
17,180,Assam,606,314,Karbi Anglong,3308,2,2,Uppar brahamaputra,1,3,3.2,25.5,93.3
17,180,Assam,607,307,Lakhimpur,3312,2,2,Uppar brahamaputra,1,5,5.1,27.1,94.1
17,180,Assam,608,315,North Cachar Hil,3311,2,2,Uppar brahamaputra,1,3,3.2,25.1,93
17,180,Assam,609,305,Nagaon,3313,2,1,Lower brahamaputra,1,5,5.1,26.2,92.4
17,180,Assam,610,311,Sibsagar,3314,2,2,Uppar brahamaputra,1,5,5.1,26.6,94.4
17,180,Assam,615,303,Barpeta,3316,2,1,Lower brahamaputra,1,5,5.1,26.32,90.98
17,180,Assam,616,301,Dhubri,3317,2,1,Lower brahamaputra,1,5,5.1,26.02,89.97
17,180,Assam,617,313,Golaghat,3318,2,2,Uppar brahamaputra,1,5,5.1,26.32,94.09
17,180,Assam,618,312,Jorhat,3319,2,2,Uppar brahamaputra,1,5,5.1,26.75,94.2
17,180,Assam,619,317,Karimganj,3320,2,2,Uppar brahamaputra,1,3,3.2,24.6,92.38
17,180,Assam,620,300,Kokrajhar,3321,2,2,Uppar brahamaputra,1,5,5.1,26.51,90.22
17,180,Assam,621,323,Nalbari,3322,2,1,Lower brahamaputra,1,5,5.1,26.44,91.44
17,180,Assam,622,306,Sonitpur,3323,2,1,Lower brahamaputra,1,5,5.1,26.67,92.86
17,180,Assam,1047,319,Bongaigaon,3324,2,1,Lower brahamaputra,1,5,5.1,26.5,90.54
17,180,Assam,1048,308,Dhemaji,3325,2,2,Uppar brahamaputra,1,5,5.1,27.61,94.77
17,180,Assam,1049,318,Hailakandi,3326,2,2,Uppar brahamaputra,1,3,3.2,24.45,92.58
17,180,Assam,150,304,Marigaon,3327,2,1,Lower brahamaputra,1,5,5.1,26.26,92.26
17,180,Assam,1051,309,Tinsukia,3328,2,2,Uppar brahamaputra,1,5,5.1,27.49,95.35
17,180,Assam,2017,326,Udalguri,3329,2,1,Lower brahamaputra,1,5,5.1,26.69,91.91
17,180,Assam,2018,324,Baksa,3330,2,1,Lower brahamaputra,1,5,5.1,26.69,91.6
17,180,Assam,2019,320,Chirang,3331,2,1,Lower brahamaputra,1,5,5.1,26.65,90.64
17,180,Assam,2028,320,Kamrup(Metro),3333,2,1,Lower brahamaputra,1,5,5.1,26.08,91.64
17,180,Assam,2044,-1,Biswanath,3334,2,1,Lower brahamaputra,1,5,5.1,26.73,93.15
17,180,Assam,2045,-1,Charaideo,3335,2,2,Uppar brahamaputra,1,5,5.1,26.94,94.87
17,180,Assam,2046,-1,Hojai,3336,2,1,Lower brahamaputra,1,5,5.1,26.01,92.87
17,180,Assam,2047,-1,Majuli,3337,2,2,Uppar brahamaputra,1,5,5.1,27,94.22
17,180,Assam,2048,-1,South Salmara - Mankachar,3338,2,1,Lower brahamaputra,1,5,5.1,26.35,91.81
17,180,Assam,2049,-1,West Karbi Anglong,3339,2,2,Uppar brahamaputra,1,3,3.2,26,93.29
18,20,Himachal Pradesh,626,300,Bilashpur,3701,2,1,Low hills region,1,3,3.3,31.24,76.39
18,20,Himachal Pradesh,627,230,Chamba,3702,2,1,Low hills region,1,3,3.3,32.62,76.39
18,20,Himachal Pradesh,628,280,Hamirpur,3703,2,1,Low hills region,1,3,3.3,31.69,76.52
18,20,Himachal Pradesh,629,240,Kangra,3704,2,1,Low hills region,1,3,3.3,31.9,76.46
18,20,Himachal Pradesh,630,340,Kinnaur,3705,2,4,Very High hills region,1,3,3.1,31.55,78.23
18,20,Himachal Pradesh,631,260,Kullu,3706,2,2,Mid hills region,1,3,3.3,31.73,77.04
18,20,Himachal Pradesh,632,250,Lahul & Spiti,3707,2,4,Very High hills region,2,3,3.1,32.43,77.49
18,20,Himachal Pradesh,633,310,Solan,3711,2,2,Mid hills region,1,3,3.3,30.6,76.81
18,20,Himachal Pradesh,634,270,Mandi,3708,2,3,High hills region,1,3,3.3,31.59,76.8
18,20,Himachal Pradesh,635,330,Shimla,3709,2,3,High hills region,1,3,3.3,30.95,77.6
18,20,Himachal Pradesh,636,320,Sirmaur,3710,2,3,High hills region,1,3,3.3,30.62,77.25
18,20,Himachal Pradesh,637,290,Una,3712,2,1,Low hills region,1,3,3.3,31.47,76.27
19,320,Kerala,651,598,Alappuzha,4001,2,3,Travancore region(SK),1,2,2.2,9.3,76.2
19,320,Kerala,652,589,Kannur,4002,2,1,Malabar region(NK),1,2,2.2,11.5,75.3
19,320,Kerala,653,595,Eranakulam,4003,2,2,Kochi region(CK),1,2,2.2,10,76.2
19,320,Kerala,654,596,Idukki,4004,2,3,Travancore region(SK),1,2,2.2,9.92,77.1
19,320,Kerala,655,597,Kottayam,4006,2,3,Travancore region(SK),1,2,2.2,9.4,76.3
19,320,Kerala,656,591,Kozhikode,4007,2,1,Malabar region(NK),1,2,2.2,11.2,75.5
19,320,Kerala,657,592,Malappuram,4008,2,1,Malabar region(NK),1,2,2.2,11,76.1
19,320,Kerala,658,593,Palakkad,4009,2,2,Kochi region(CK),1,2,2.2,10.5,76.4
19,320,Kerala,659,600,Kollam,4011,2,3,Travancore region(SK),1,2,2.2,8.5,76.4
19,320,Kerala,660,594,Thrissur,4012,2,2,Kochi region(CK),1,2,2.2,10.3,76.2
19,320,Kerala,661,601,Thiruvananthapuram,4013,2,3,Travancore region(SK),1,2,2.2,8.3,76.6
19,320,Kerala,662,588,Kasaragod,4005,2,1,Malabar region(NK),1,2,2.2,12.51,74.99
19,320,Kerala,663,599,Pathanamthitta,4010,2,3,Travancore region(SK),1,2,2.2,9.26,76.96
19,320,Kerala,664,590,Wayanad,4014,2,1,Malabar region(NK),1,2,2.2,11.69,76.13
20,280,Telangana,55,536,Hyderabad,3207,1,3,Telangana region,3,5,5.1,17.5,78.5
20,280,Telangana,56,533,Nizamabad,3216,1,3,Telangana region,3,5,5.1,18.1,78.1
20,280,Telangana,57,535,Medak,3213,1,3,Telangana region,3,5,5.1,17.6,78
20,280,Telangana,58,538,Mahabubnagar,3212,1,3,Telangana region,3,5,5.1,16.7,78
20,280,Telangana,59,539,Nalgonda,3214,1,3,Telangana region,3,5,5.1,17.1,79.3
20,280,Telangana,60,540,Warangal,3222,1,3,Telangana region,3,5,5.1,18,79.6
20,280,Telangana,61,541,Khammam,3209,2,3,Telangana region,1,5,5.1,17.7,80.9
20,280,Telangana,62,534,Karimnagar,3208,1,3,Telangana region,3,5,5.1,18.4,79
20,280,Telangana,63,532,Adilabad,3201,1,3,Telangana region,3,5,5.1,19.4,79.3